observed,predicted
29.020557,35.642684
28.345088,40.523989
29.919234,39.001538
40.583311,57.942901
33.700369,33.386159
24.913534,25.084574
31.792493,40.222625
25.173452,28.957112
32.038505,37.370467
16.477842,23.666201
29.547690,33.206422
40.748716,47.541437
24.770819,41.343155
34.835846,36.955401
20.834989,28.659092
33.861564,38.516575
38.465006,45.074977
25.442218,18.497623
19.067557,28.529929
36.247270,43.642122
22.724784,27.332908
36.785896,34.291842
28.967001,36.501033
34.351038,37.094998
32.605784,29.995953
24.592689,27.172007
39.926179,50.897344
32.537222,47.907647
47.497316,57.728454
35.027474,41.456762
27.416894,28.664247
45.371713,51.964794
31.837665,34.114646
30.294924,41.359042
34.463377,36.705518
28.823382,40.919519
35.091466,38.734558
21.135629,30.026520
24.445923,37.612218
19.271014,29.243629
33.555609,35.008779
31.067178,30.455670
33.840006,40.020936
29.733471,34.167158
26.375604,29.930878
38.730430,41.011650
26.972460,35.744165
23.604775,37.819177
34.267508,45.441630
31.495689,29.862661
27.155664,22.468215
36.794538,37.344610
24.299040,32.312397
23.955902,30.174452
37.871678,40.632749
39.979588,45.492411
36.423937,36.016430
47.594754,56.282853
26.791353,33.941070
41.914425,47.693363
25.874055,38.735569
30.756285,34.502141
28.639530,36.668951
27.420224,41.332422
41.779814,50.813352
25.344257,34.822127
32.321280,37.796941
34.607056,39.102906
31.027647,32.927241
27.313813,35.726784
19.812097,25.195244
38.715957,38.237121
21.321294,24.898894
34.429870,32.935508
33.330563,36.079926
35.408051,39.489364
40.265188,40.874258
20.828878,19.585832
32.904216,39.868763
32.630135,43.412487
35.025636,36.245777
22.293732,22.514152
35.348357,31.390928
18.659497,15.198108
17.316101,27.621208
21.964536,28.837060
17.750380,24.535224
28.432199,41.111820
16.869070,17.675751
32.472276,38.653298
25.487374,29.405615
42.383409,43.367637
32.966950,36.656128
34.994511,34.213520
30.156119,32.863139
37.756108,33.066580
22.058342,28.653435
23.346640,32.134009
32.236093,37.042077
33.727231,38.528724
30.799247,32.880509
20.827580,33.063786
17.282938,21.408976
38.347356,45.943861
28.910058,36.712447
39.729724,42.325644
20.142155,24.864704
13.831288,18.910444
36.567207,35.973446
30.035395,43.062270
23.246070,30.949651
40.844531,48.245624
27.435462,32.774675
27.777413,36.743767
36.842293,42.583303
34.419317,40.039498
28.704290,34.632960
31.679877,36.190938
38.397128,29.402893
29.423448,38.035237
32.220489,42.081289
31.336544,44.558743
29.886935,34.292003
25.491278,30.552612
23.681330,35.878295
33.167982,46.867383
27.172074,32.267135
29.888635,41.027927
23.538363,39.703925
36.948816,51.756018
41.106073,55.757467
34.750001,41.465410
32.639914,38.180365
28.031099,43.204530
43.127558,48.690322
20.322266,26.424960
33.912329,47.286828
24.067418,32.368557
26.875866,31.755692
19.458663,24.231497
31.717538,37.785637
38.564496,38.258509
35.473665,47.433927
36.197765,48.324653
23.523724,30.926381
22.039300,23.362910
16.445683,22.662314
43.664801,42.279075
11.506334,12.446920
35.577097,40.584446
28.582019,29.356573
29.479603,34.028028
49.100778,57.312061
22.397339,27.033594
33.372142,34.680773
26.854974,33.629026
26.563182,30.372273
44.596899,50.728650
23.671138,21.912595
35.485257,39.885349
33.130015,35.426027
17.443967,32.573304
26.705459,35.889722
38.324854,54.976927
32.006295,40.716290
33.148937,36.309038
30.063263,41.833377
23.613823,29.607010
22.468554,28.579187
42.680774,48.032938
32.776937,43.898447
35.016589,38.832156
28.085659,22.677553
25.648171,37.809276
29.612585,37.877184
25.612282,27.326561
31.231666,36.159828
27.523644,38.258085
28.505447,27.932458
31.908751,31.101020
40.422283,41.179924
26.319749,34.613766
38.495026,35.575982
30.062182,41.191182
32.914756,34.160944
29.821580,26.544613
21.568480,30.077540
34.252927,43.847469
31.922437,35.392417
39.547796,40.262487
32.814962,41.190735
30.736762,36.648049
30.086200,27.859503
16.075195,34.294571
19.164023,21.233746
33.788652,40.419079
36.015497,47.398767
23.863372,29.124896
29.086188,38.865825
27.955025,35.396013
33.955402,42.652561
25.381364,24.985852
28.815972,33.148830
24.761102,30.744363
27.223023,30.353199
38.670573,50.286324
24.373902,30.891820
33.353175,40.765819
34.762828,43.385918
30.411148,29.407469
31.280471,32.853095
33.755199,37.021821
22.846935,26.799192
23.464608,32.728891
20.601099,32.884738
34.803199,39.883746
27.965372,32.638044
23.738646,28.853571
31.659571,43.118576
29.434301,38.199615
27.655938,40.985693
25.757488,26.846635
24.391654,26.539499
22.194989,25.934494
36.069920,46.625009
38.083717,38.478096
21.267863,32.245888
31.392876,39.266351
27.959772,45.292335
32.414280,32.255309
23.980261,28.387423
24.665258,35.747363
37.311752,44.867530
22.254564,37.612800
31.114739,24.184665
29.578573,33.561268
31.240606,34.032234
34.073882,36.776732
28.950700,39.910520
27.180619,33.913485
40.558008,52.661379
29.342773,34.098333
29.355797,34.594447
30.483432,28.392756
39.065344,47.858492
31.554005,35.882868
28.881626,38.231289
29.681114,33.828212
23.583255,31.245493
24.865837,30.124714
24.755314,30.347003
17.234167,26.943843
32.331094,33.865571
32.779515,31.889182
37.005004,53.867921
34.291176,34.410312
12.036415,18.648326
35.399071,45.815592
33.324559,30.478091
29.105138,36.196249
24.921223,39.899157
32.714640,41.951984
31.271849,44.580142
32.240626,39.625193
34.476253,48.084602
32.498034,40.010196
34.937578,38.881662
29.688950,33.741184
31.296943,34.899043
39.789171,51.757698
27.116172,30.701639
33.593969,41.291777
25.043458,33.692691
23.124686,29.968752
28.534356,36.172484
38.538392,46.488225
37.079507,49.965782
23.766553,28.531493
34.214569,31.364981
31.019461,26.174065
30.465689,42.736605
29.589119,33.419643
31.611805,42.178563
33.889613,32.670710
20.489174,25.417500
46.454531,42.943514
26.332035,30.455970
35.144394,40.246592
27.771256,26.029154
27.266181,30.861393
35.715125,37.370436
29.926278,37.826752
12.379223,18.807747
30.136478,36.849670
15.800315,19.846079
30.598837,31.678910
26.315676,34.220006
27.668425,26.114484
40.699317,49.116505
31.937712,37.234409
25.677369,39.313753
19.945118,28.071118
24.949378,30.419927
36.016980,50.653265
23.214063,28.425387
39.402825,46.041441
36.005107,41.767729
20.466871,24.045993
26.961418,32.471292
23.715239,25.358431
22.768687,23.444313
25.382637,35.828705
24.053698,25.233238
36.573713,42.138146
28.067852,35.082743
31.107877,33.308065
21.249850,23.954039
18.290819,28.597010
21.771155,28.310317
36.951004,39.009145
24.398856,33.636867
14.561483,26.553805
15.849755,25.629518
37.214836,40.048929
31.661192,33.671164
20.270279,33.518885
44.828275,47.608306
23.435936,25.835372
25.025218,22.176211
33.865151,31.067428
32.841992,34.421194
29.556440,40.995214
33.370845,29.332843
37.690623,36.181709
35.750740,47.242736
30.455627,43.463921
32.025972,35.558619
37.255810,29.681411
23.535421,29.875592
30.335186,37.235436
25.232820,37.607687
32.006615,41.801573
32.488670,31.917398
28.935936,29.645161
38.142170,43.665995
34.086789,44.941815
39.962094,42.423663
25.312480,40.467907
36.705867,31.010156
21.905482,27.243284
34.012223,31.514801
20.019220,26.680173
31.302744,39.581466
37.652895,39.338705
35.414544,44.105726
48.381758,43.321281
28.147004,36.985112
25.374241,27.792103
29.107798,46.348844
28.389975,30.101981
24.277978,24.724896
27.191391,27.230409
21.876201,29.894623
26.356943,26.145972
27.286607,29.929318
36.985289,49.901738
32.189676,36.038173
22.740495,28.831162
27.719529,33.291600
35.877700,36.527111
34.856373,37.926113
21.451890,37.604266
28.070199,39.907818
35.900519,37.071354
19.123877,24.006993
23.363402,25.110479
32.767288,30.625947
34.314637,36.674971
39.126849,42.785448
45.258626,53.470808
32.152293,31.734067
26.935570,33.329299
26.068907,33.211745
26.170757,27.305216
32.183424,32.789675
29.924416,37.241578
30.679475,38.217189
30.425385,35.364022
28.764330,34.646882
25.106858,32.427878
27.621582,36.632735
20.389294,23.091194
42.683537,47.347668
31.821765,40.568957
24.510255,31.195454
18.375122,17.039010
35.074868,36.822166
22.269776,32.332338
25.040591,37.682892
34.420615,30.493413
26.207987,37.513092
36.895342,42.231132
34.966161,34.344370
22.775513,36.292772
33.535186,42.147740
32.804096,51.374370
32.444350,40.270058
25.047230,29.510643
29.672531,31.195477
24.943512,38.728362
31.823757,42.025754
25.269943,39.562977
18.360679,30.662566
37.462024,42.265854
19.779356,25.657146
36.942928,38.570954
38.862744,31.729285
27.241851,39.031412
34.029208,33.582877
30.374997,36.030720
18.281898,29.430064
40.629690,38.872610
33.685164,38.263181
28.782814,32.455319
36.770919,38.024772
37.993834,45.941787
34.685430,35.739335
34.920632,48.079788
32.581289,34.821754
24.777873,38.625388
37.628092,44.734897
31.631025,33.713924
29.808989,36.113073
31.170319,47.341798
44.284058,47.412330
24.071399,23.897354
29.437150,45.291667
12.002164,20.020972
37.448329,39.966945
38.095968,43.099987
39.550844,49.139084
28.987075,33.577509
26.086286,36.138674
37.868138,43.951459
28.563593,32.449064
34.230109,43.047524
37.450319,39.015387
33.378293,37.308521
28.736876,21.469005
37.574554,35.695229
28.379779,37.611252
32.621403,38.616975
40.191628,47.259901
36.911640,42.640428
26.108533,33.670813
35.240188,35.085673
31.507317,37.532209
30.055117,26.261136
27.886661,35.585994
32.403980,22.796588
39.597085,42.316508
35.245768,47.452734
26.812179,40.081193
31.869862,32.728494
28.130751,30.712336
37.671042,43.523499
28.979582,35.925508
29.678293,36.078649
28.638843,35.921357
40.072269,51.047885
27.075604,37.976357
25.418171,22.047527
42.710099,39.554169
35.990971,39.671321
19.373123,29.081055
37.272266,36.775453
19.975682,26.170722
17.349084,23.117716
17.532348,25.041988
27.539630,25.177582
25.054673,32.662368
22.033691,26.566435
25.522361,34.385317
28.510920,27.244045
45.656159,54.893475
34.963854,41.680629
25.399521,37.947539
21.642234,27.988508
27.481204,28.053808
37.829097,49.343568
26.629650,36.067511
41.535223,39.984289
32.352452,37.081611
17.880636,23.671855
16.802265,31.219446
26.424661,32.499103
19.198537,28.252943
34.513733,44.575138
27.702541,31.591411
25.571966,29.216407
25.262677,29.687815
27.109340,45.157783
31.843156,33.988439
33.855048,40.585328
32.095747,33.347548
35.475730,45.301672
32.650770,43.914055
29.585269,34.100904
31.209253,27.317872
26.631986,25.743429
22.281225,32.519298
31.745780,34.103556
30.607123,42.205349
33.437003,44.470021
35.223561,26.623951
18.163945,27.607226
30.381173,37.364527
16.135473,25.628859
35.503861,31.678072
29.468657,33.258175
29.314840,46.741284
31.011265,32.121263
32.803403,32.950845
25.687891,25.183012
20.703356,26.743799
17.985085,23.157142
40.152811,47.665256
24.761986,26.726613
35.290170,46.744297
28.373952,38.647133
28.893624,37.252859
24.498341,29.174251
35.331939,43.686136
23.249839,28.570257
27.509190,33.595545
21.649048,27.943114
29.298961,45.106545
20.102135,27.038308
45.050711,48.295578
29.909873,34.782167
21.194957,32.917488
16.848163,28.077775
29.597137,38.032417
20.968243,30.607314
30.012467,32.941460
20.160266,31.272057
16.995869,19.872264
26.002584,21.009686
37.420474,44.899821
41.872911,46.168870
24.621815,35.897368
30.274805,33.558224
35.649177,28.895645
21.564654,31.769988
26.509380,33.093755
39.540945,30.560849
41.904546,51.713967
35.338136,32.656985
36.402102,36.794921
32.653323,36.474630
23.313273,30.036243
19.772069,23.960218
31.590371,47.931095
31.975409,38.573862
22.662108,28.489875
34.955576,39.358570
32.437238,29.892927
17.649772,28.926206
32.811734,39.452147
34.125503,41.025235
26.113708,31.120605
30.709445,39.280316
42.735066,49.527047
28.821332,33.180866
19.152086,26.664982
35.588749,35.268146
27.805014,33.516033
35.046996,43.145733
19.838423,30.988657
40.716369,55.348999
41.538711,38.874249
32.809547,33.853983
26.819437,36.094628
30.315378,36.006113
12.315752,11.959743
31.453417,42.190236
25.952613,23.219058
26.395573,32.651916
30.357984,46.977826
26.649435,38.049722
24.895836,32.980953
32.878505,38.019835
33.473924,45.597282
22.870875,32.676560
29.242734,32.617395
37.529234,49.665316
25.024484,27.580678
37.353528,35.989932
40.040479,48.481202
14.573556,21.870554
23.405238,30.661470
27.351679,41.936772
36.136953,40.200263
24.650663,29.363900
22.180051,29.486758
27.478198,27.959725
24.474559,29.455769
32.548902,36.575937
41.081171,62.065693
41.200449,47.013052
32.420994,42.638270
34.883759,38.396861
23.968156,25.607371
25.162004,32.987852
29.699808,26.519758
31.918062,31.857548
34.910642,45.199454
29.838115,40.188341
29.957622,34.485944
42.928114,50.777499
23.240328,30.551472
29.988175,35.730357
30.389243,36.320243
29.501940,34.421140
38.935082,33.576915
32.256445,38.537257
26.869074,39.036205
24.382818,36.091676
37.926001,39.103293
44.071839,47.653693
22.133764,23.778749
15.913977,18.817504
25.904809,30.679838
34.447094,36.779301
27.916436,31.156232
39.307239,40.649592
23.473708,29.165927
11.046535,20.102114
28.367475,36.120180
15.784672,23.794670
28.962054,42.138025
33.298376,39.194536
24.611056,31.184201
21.169424,35.470826
23.069669,25.865512
38.334479,43.630936
34.944080,44.749749
32.495215,46.498608
23.404298,33.785405
30.270906,40.300239
39.620154,51.035834
38.829458,53.937653
38.376966,40.690803
24.441609,29.462542
26.881941,36.005965
34.551019,32.523386
35.021782,27.071558
9.054833,19.018144
38.830757,40.545204
21.626196,36.362657
38.703745,42.480771
38.765134,35.919017
20.277762,27.098257
32.676205,35.972511
28.267559,42.284646
31.270527,35.892124
27.308470,34.598015
38.107914,49.517179
6.129629,20.104498
28.714953,32.736749
29.808384,34.017193
29.213831,42.325727
30.555717,48.503067
22.812820,15.060922
31.702711,40.728990
28.379854,43.928377
43.995704,55.433652
21.137198,25.191829
27.468222,30.345179
43.251228,41.037361
38.834765,44.894101
33.663873,38.293707
24.269382,35.869339
25.355843,35.791344
27.677895,30.419990
30.303576,30.626889
25.027314,32.125554
38.806767,42.956971
32.393268,32.450094
39.960329,37.033698
30.176668,40.630558
35.645900,42.621627
25.841268,28.712413
29.275484,36.807169
33.136649,36.935716
24.143587,29.291730
31.491683,35.615532
18.822199,35.796283
19.193726,21.755329
33.898308,36.835617
31.633516,51.089692
31.845363,43.453110
27.442610,43.209381
22.080504,28.809759
26.005848,28.942016
49.156353,47.806775
42.658943,42.953721
24.669440,30.077739
28.749910,32.193060
28.709233,40.770659
20.181545,33.345193
30.883998,34.837464
35.237721,48.346616
27.395034,30.778544
27.125040,30.259410
25.985065,30.107391
28.279230,40.934998
28.546273,33.503591
30.654261,44.034834
42.768408,41.409248
33.247042,35.188344
24.725327,36.222216
39.749665,47.732215
30.520097,34.097418
20.739100,28.487119
19.615454,22.049743
27.048107,32.405423
32.990086,42.745073
37.442772,41.847426
20.725030,31.602490
40.853818,41.987073
26.669354,35.607730
17.916873,27.661238
31.787014,45.006839
31.348415,43.955769
20.604457,31.873808
15.363036,25.835243
26.512750,22.448958
23.217157,29.238551
27.170666,34.317031
31.103493,43.590360
30.979378,39.431298
20.247967,26.720278
31.054197,45.768151
33.164174,33.009525
19.234859,29.888460
23.644757,33.162913
30.715749,36.591252
28.041041,25.738703
29.932612,37.593578
35.863256,40.167213
26.081637,30.768685
32.131116,39.819960
24.475352,24.551265
26.982155,37.952599
34.326673,39.432115
10.615974,26.270695
32.433730,32.556692
31.890654,33.111239
25.449824,26.126206
30.374825,36.982317
36.053473,45.069106
33.190285,28.276102
29.078628,33.296895
35.296581,31.627554
27.417964,27.974277
35.853508,44.639403
25.893766,25.448768
22.969824,32.151466
22.542949,27.862196
21.986869,32.898431
35.393448,43.488570
23.709980,31.708436
33.492316,42.301037
39.240687,48.260629
36.472072,38.226001
42.555102,41.983108
30.170484,40.504478
34.050269,36.181307
32.016365,25.298557
37.080920,49.032310
22.979377,29.444634
28.817334,32.514115
17.481255,22.648483
37.694927,42.370430
35.601195,32.651737
35.554487,39.618992
18.586085,18.629183
39.282940,47.666247
38.383738,38.540653
23.665679,34.356523
32.537897,44.977237
29.789017,34.123575
30.222126,29.693037
31.506390,35.457192
29.320689,32.682508
28.242414,34.328895
31.681639,29.622697
18.419751,22.008984
32.895620,43.349324
38.672111,44.351681
27.444722,45.054594
35.876394,40.054860
23.046937,31.692785
33.713418,33.500436
12.609604,14.326116
20.779378,34.763493
24.467909,21.003912
27.212993,28.086177
42.773414,46.123602
39.244140,36.037088
25.965189,32.146997
27.312731,29.713172
28.369246,35.714912
21.966111,27.382456
30.615910,39.273311
27.723803,25.814647
24.942169,30.169890
23.486379,19.156052
29.399702,33.185234
33.262589,45.789793
31.230066,35.994279
24.070235,29.603136
45.007711,55.121728
40.481836,33.841038
29.942532,38.825236
36.947057,41.960348
45.803145,46.089820
40.467246,35.120105
27.782728,35.436297
34.758479,46.094544
25.520282,25.956600
25.208773,29.697401
26.771701,34.783037
25.714593,31.011642
27.887953,31.728749
21.295553,26.435181
33.872328,40.210207
27.859897,32.893791
19.890268,24.036567
23.189073,20.477617
44.032718,48.532125
35.457537,40.795671
31.929098,40.993758
32.712338,26.042671
35.649251,32.645832
31.130007,41.311615
27.926293,32.170174
40.007309,43.536918
35.356923,37.489651
28.820010,37.560119
28.964733,37.963683
29.376865,31.498306
34.251562,35.396034
28.185939,23.709384
20.746706,32.285937
24.424505,32.202211
24.217402,35.666999
27.809870,35.813368
22.247732,32.900947
33.697671,47.508615
29.219127,29.679370
25.016950,31.396662
34.939171,44.872839
7.300488,8.417026
23.899456,23.996926
34.113620,43.412614
27.508658,33.799694
34.705446,36.032829
30.075150,29.455234
26.325236,27.473168
29.868964,32.399023
29.893988,37.763574
28.748623,34.061068
35.342373,39.407305
20.148171,31.142885
28.451564,27.141982
42.985693,51.581335
27.123823,30.567968
34.711485,38.755361
31.821319,34.355697
33.011269,36.748255
32.006077,50.733607
35.265751,34.153232
38.645360,38.566301
30.730361,29.710694
24.472376,31.549410
44.621644,45.215739
33.439762,33.576184
43.722573,44.130840
27.982993,29.760359
42.181624,36.120530
24.992083,29.302594
38.790269,32.645656
24.477622,37.144184
28.326510,36.193931
30.280118,39.466419
26.047142,33.656967
31.408652,39.123627
27.182380,35.200099
39.398090,48.087191
30.257238,43.464700
31.519256,33.682137
7.490427,16.994361
32.615483,36.233980
23.509921,30.169638
32.717252,41.125838
30.315567,36.514308
38.649129,41.395127
27.119935,36.663728
32.838876,42.850515
38.725599,39.522000
31.011034,38.326526
18.284014,23.354362
47.042718,59.096191
19.324153,28.857551
27.357681,26.254313
32.208768,34.475394
34.701909,37.385131
27.686929,29.718018
38.463601,49.525125
22.362817,25.345975
24.557405,27.271876
35.111107,39.395211
31.950076,34.873740
26.737441,19.339202
19.128039,20.127994
15.887499,27.223055
31.080446,34.283577
31.060476,38.167282
28.017767,35.013716
42.695855,42.989229
33.238971,33.489868
19.279067,25.018820
33.450267,50.174988
12.131577,20.768497
36.697639,39.864327
30.615136,35.546178
36.887792,53.457786
23.246872,32.145239
35.332395,44.659921
13.519382,20.256220
31.098940,31.069180
26.771371,37.135473
33.238654,36.643099
38.527878,47.446713
33.678250,40.093289
30.349257,36.558530
37.328474,36.541469
28.628319,33.551075
35.716966,45.446368
38.945633,40.001684
27.595384,26.175067
43.087488,52.415790
31.039354,34.800624
18.532967,29.305939
22.319814,26.182987
29.761837,39.694250
31.415269,33.969752
18.940839,26.401116
29.664272,46.531440
13.777616,24.667657
27.795126,33.637966
30.534995,41.096402
33.158851,29.689028
38.665641,38.969764
28.539819,37.267089
25.500900,30.556187
27.225917,28.296630
24.841728,34.284355
32.507992,31.839012
29.039527,36.376569
29.434643,31.841359
27.618373,24.624541
39.823053,47.659033
39.035251,49.814221
27.123294,30.231344
27.966293,33.969644
37.565212,43.083401
15.467547,18.759193
37.850198,47.063269
36.783033,48.254933
20.847518,22.202063
30.223323,35.697204
20.033974,30.430398
29.859388,35.756802
33.262433,36.974880
33.745179,36.247170
24.597478,32.379446
40.030477,49.205791
29.811396,36.148198
17.005309,18.446993
33.760963,38.560967
30.346174,33.744589
32.701959,24.372628
43.577103,42.460825
28.537209,38.554463
27.996098,29.990587
25.129904,29.010982
27.521593,29.071860
32.159558,44.196959
28.245453,30.339224
21.006948,30.670908
20.454778,32.333832
29.999777,42.562027
39.069634,43.739132
36.132455,34.442394
32.901609,36.291718
42.617532,49.996385
31.590810,42.181537
26.241643,37.764007
27.072741,38.499851
40.225223,45.755606
36.109181,34.669344
35.761232,44.687884
19.933253,35.797591
35.836809,41.174700
24.524482,26.299742
37.363116,39.219332
31.663129,30.175911
25.733856,22.465605
14.166623,24.681722
7.813454,14.654785
34.515948,48.628429
20.414977,28.393462
29.137083,29.018416
31.579925,41.946624
28.687592,29.295866
24.505415,35.169382
31.977034,38.198943
43.084384,34.577574
24.658480,31.952847
33.452937,51.123858
19.191043,28.718458
38.289905,48.513507
20.140062,22.442574
25.370884,42.833231
39.606378,48.377041
22.789322,24.215991
39.151039,40.674564
31.649302,38.080388
30.266710,32.314617
30.521836,28.969608
24.985423,28.872967
28.997844,38.089925
41.195261,53.369860
18.915770,23.805284
33.831067,40.388206
20.878233,28.741620
39.558713,37.896222
36.181398,44.836395
30.327792,33.999093
34.354938,39.358069
22.123080,26.961274
32.791609,39.359567
32.523514,32.450028
31.459567,41.285364
20.955995,27.393165
22.207359,20.641433
25.648302,32.604015
39.742231,41.233082
27.354059,35.392272
32.295867,44.087710
36.827281,38.744606
27.795795,39.068892
38.839684,44.162112
26.083745,33.186882
25.510081,24.561339
34.724631,43.176816
19.010150,23.539770
37.947391,34.355489
39.846102,46.590478
30.349170,31.992497
42.110850,49.408943
28.294754,34.887825
34.119934,47.058147
27.793282,22.744157
32.349536,48.779854
25.557824,34.230323
31.259638,41.338015
32.395563,38.450509
28.259274,31.661442
34.620578,41.531892
29.172620,39.247584
34.597521,41.181013
35.124034,45.238618
28.480847,33.980575
27.562401,30.211842
24.481651,32.395966
42.112387,31.662581
31.414873,30.287929
27.785766,36.207948
39.912180,43.033359
18.767193,21.739022
18.008451,22.784092
29.495695,41.624565
33.549486,40.412870
37.955202,32.797557
41.916703,38.077396
37.467130,49.173427
32.057557,38.812832
39.758964,44.326205
33.626985,31.628287
38.438519,43.382680
25.733340,27.475501
36.916747,40.521787
29.433978,36.993328
24.920603,33.937271
24.179214,25.261957
27.949300,33.406616
27.450671,32.911617
34.791169,30.841571
35.242101,41.710884
42.529865,49.757683
44.894954,42.515752
9.687542,17.926194
33.690341,37.679027
25.872228,31.036165
29.756992,39.713777
33.217883,45.086181
33.818125,37.761540
27.759385,38.392533
29.299744,26.501788
40.011371,58.133461
45.228325,63.078081
27.993549,40.919531
31.807822,37.099136
34.233306,44.043584
34.243701,48.034501
20.636394,39.228080
42.101862,40.410412
36.164210,39.690566
27.843504,36.203370
23.538339,27.331232
28.235734,29.639326
24.732857,34.971511
21.483695,25.177436
20.360320,31.128666
27.656524,34.975637
35.562475,37.219176
28.654455,27.910735
22.598699,30.495411
27.258424,27.118995
18.063152,23.529673
27.593912,24.369455
31.349355,32.702757
35.573044,39.282309
27.590368,34.846379
34.516764,40.402773
39.811954,36.713558
15.030382,23.829829
28.861833,35.092118
30.254061,37.188088
29.146577,36.993926
25.973825,42.325037
24.891907,35.503067
49.648784,60.498656
41.445039,39.754646
38.611050,48.085086
30.838429,35.756460
35.322398,36.653097
28.740630,27.731882
33.452550,41.593482
24.782717,35.006034
41.613248,49.064266
28.142656,33.292345
37.002480,40.979323
29.860309,29.873893
20.465163,26.460202
36.442775,43.480976
38.711155,41.597490
40.939284,45.448989
19.844156,25.013233
32.714719,44.023259
38.241713,41.563608
27.074185,32.618257
28.362015,39.610155
34.303776,25.151812
30.514071,34.675570
33.106191,45.158546
34.209478,29.543033
28.665959,32.171076
28.657956,42.108593
14.112599,22.983700
31.303932,35.003577
33.195276,23.267023
33.854741,37.582171
28.256210,32.045843
39.944333,53.678029
22.866157,22.717069
26.522961,35.404232
33.229143,34.705548
34.106378,33.078067
45.326712,37.686735
34.209753,47.525827
24.570083,35.789917
29.472829,34.655576
32.232121,32.679047
15.385337,28.690783
22.138871,30.034900
38.668888,55.079057
28.087251,34.284545
16.787099,29.854220
30.648745,35.176911
34.839564,33.849216
32.244030,38.805392
29.083268,30.476802
32.930787,40.335783
33.454449,42.952892
44.782217,44.247564
22.214820,26.627034
17.213095,24.695759
36.316568,48.374107
33.936807,39.793924
41.916352,46.878732
26.371737,28.374075
34.834636,33.867616
36.976488,32.946850
40.841980,50.766839
21.568498,30.114017
23.833501,23.601457
25.862010,23.020686
31.162502,34.392743
34.762829,38.414852
18.964895,32.062915
17.287251,21.893373
24.713124,30.277796
24.438911,32.062346
18.699243,24.740931
28.295883,27.103933
18.165392,27.157837
24.076845,30.845992
30.361010,29.455571
40.684510,45.680763
33.443256,49.486980
20.015999,28.810274
29.815389,28.135410
39.980318,50.239808
26.847523,33.144801
35.147367,33.292870
38.570062,45.974935
30.115117,36.185534
29.848439,27.763274
27.948549,33.224342
26.436383,32.589315
33.258285,37.661119
30.607794,31.860953
42.088390,35.537879
26.569733,32.998854
24.304495,29.440283
22.562651,23.987229
30.617747,43.158692
21.297986,33.241832
29.079946,34.175515
20.690725,28.715263
29.704378,27.733101
25.089865,24.760743
23.542494,31.608278
27.686136,30.275248
33.274743,37.564958
31.695158,30.553746
28.788490,40.817671
29.917137,34.712921
28.375277,33.055536
25.464049,41.006405
17.232345,28.547053
30.550144,30.552773
22.670267,31.670444
30.313610,41.859802
32.413510,36.093161
25.666081,30.272204
23.475870,29.315074
29.216584,30.368996
17.662376,18.966324
16.708937,23.097938
46.788110,50.340562
30.053095,33.188386
26.506589,35.879837
28.429703,35.684698
36.840850,43.858778
33.808884,38.223613
32.594833,42.148428
34.376728,41.600380
26.857616,27.723508
19.436333,26.330463
30.716179,45.226463
32.083100,27.283707
32.064325,34.814439
33.904312,29.952584
26.853463,33.036898
40.022915,44.839072
37.802030,43.138860
29.495428,41.941375
20.469654,17.126292
21.610887,32.417648
33.954901,39.098529
27.330509,47.682550
30.317907,34.367853
20.543883,30.206147
21.326128,29.190283
30.393802,29.388286
31.314881,34.303784
22.912155,24.573413
24.300957,28.596876
33.532799,44.772554
22.771915,20.217366
45.702398,55.768777
30.123357,26.427009
20.437201,28.879849
30.144473,29.319838
37.671924,43.254642
22.489875,21.069389
23.284923,24.090762
28.330563,32.692719
36.568694,35.588682
29.505953,29.540701
25.050346,20.666999
37.574412,46.331383
25.337046,35.519446
25.209709,29.482459
35.061125,40.998971
31.298542,34.866146
32.206065,37.977732
32.477971,38.389002
11.965717,18.772929
48.421032,48.669392
19.332298,26.091536
27.714799,24.779256
25.248102,32.923966
25.029604,39.909145
34.153879,44.266689
27.817036,33.674019
38.271484,46.870249
37.742504,49.020070
28.532027,38.483363
34.567191,33.511996
33.698367,43.401965
23.483849,28.417245
30.086662,35.625407
32.966244,39.938809
32.408657,34.741019
38.095376,35.466214
33.544746,43.803995
26.036721,27.555716
37.512535,45.303805
27.977257,35.363675
24.338783,25.509346
29.891787,39.037115
24.944383,28.649874
38.080998,56.994102
22.998221,29.820871
34.074191,41.315356
38.961699,40.686053
26.918344,31.966079
30.592192,33.279847
25.979570,35.679949
27.745164,41.773765
23.120746,26.816233
27.080557,22.974834
25.447894,23.172348
21.650144,31.613040
19.161476,31.080956
30.581212,44.895373
42.613137,46.878739
27.218931,25.703726
29.401048,33.643920
30.563594,42.368179
24.077120,32.366863
19.724740,27.783701
29.323122,40.563671
33.649128,38.080056
24.620339,34.872676
30.917647,27.278788
25.272209,33.868805
25.487287,30.456371
18.342799,23.713317
13.356834,20.793760
35.121919,41.508613
28.469387,32.386390
28.324267,24.033206
37.790897,36.368370
36.558292,55.269523
28.986981,35.029756
18.414531,25.334638
29.517536,31.337930
35.997092,43.656266
22.063800,25.760630
34.899350,33.327182
38.150868,37.335323
25.304795,32.311603
34.424745,39.520755
31.719849,34.869880
28.355835,35.764553
31.205280,32.470720
25.198126,29.179340
18.339481,35.195400
27.412987,31.756592
27.337506,38.202939
31.420063,41.588160
33.635173,43.364075
23.069448,28.662822
40.199706,47.440002
27.279801,29.101254
34.649238,43.021163
36.109146,35.605305
36.479635,37.497110
27.143188,33.679146
23.532693,33.371395
34.387909,39.318882
27.383129,25.421347
23.525896,29.891458
29.642413,37.517932
23.908527,32.346735
20.972950,19.261707
31.123463,26.897756
23.913637,30.413637
28.432492,32.996406
23.021469,27.778337
26.022466,31.897798
22.095844,26.608433
19.767717,27.724505
19.090737,21.311935
25.243432,33.780762
22.408529,29.082444
30.491275,29.650291
25.191233,31.072578
43.513246,46.399861
31.011596,34.507057
35.450248,42.832285
25.554005,28.573941
36.799212,40.712982
25.518949,25.997692
35.688803,41.531544
30.297913,26.238613
34.132285,44.024794
34.813309,41.698510
20.861601,27.157035
34.884279,32.002465
27.774199,37.151000
33.291312,35.282777
26.772300,31.367953
29.653807,34.609546
34.977536,42.383481
35.145923,36.836183
40.070515,37.229474
30.278351,41.326632
31.508506,39.616457
28.740024,25.595594
20.245479,26.838931
20.927646,21.686239
38.877079,36.350611
29.021398,32.685868
23.878273,30.346701
13.546285,21.614256
29.710002,26.508372
31.407286,34.608745
33.832835,29.036026
30.616525,29.493185
36.303809,48.153516
33.073777,36.744085
38.550640,45.650364
29.241735,34.678201
31.084288,37.750603
23.620132,23.186412
14.960100,19.347476
19.216967,26.145342
50.784359,46.946548
29.235755,37.152714
36.175907,45.728273
32.230846,24.534580
28.476867,38.895879
23.667785,26.750331
35.716100,43.199424
28.494943,34.062377
38.727797,46.091944
20.403223,32.371837
35.782758,35.847862
30.912544,34.918750
28.705379,24.846288
24.123538,26.835602
27.294962,29.488103
27.600227,33.530493
19.289830,36.090675
32.621608,34.653704
31.242508,37.285517
37.474263,46.080147
34.447720,43.197945
41.544601,38.176970
27.661735,33.430394
46.958495,47.375162
33.382840,35.649701
42.398447,45.951943
35.483025,39.637517
32.855245,36.870241
31.586269,46.123939
43.826624,47.400161
30.097889,33.635828
24.396320,25.999483
31.776536,45.525240
39.248128,40.218938
17.239867,19.725928
34.691561,40.462184
25.355184,25.177189
31.685829,36.096526
27.705747,23.629937
28.130010,35.088217
30.674907,38.914173
20.409173,26.781110
27.973947,36.545716
22.588158,33.080897
27.129046,39.586686
26.704154,35.849794
9.550910,20.571015
40.088539,46.608509
19.983828,27.401629
36.242664,49.137001
25.992072,33.388672
21.346554,24.295160
26.511741,38.588138
25.877229,38.460378
32.208838,33.634440
36.915713,39.557596
31.772521,39.917165
36.054924,45.877715
25.346855,33.329599
49.260792,38.515644
22.949494,27.028984
25.141225,30.828359
16.307701,21.125184
32.260646,33.911553
42.610352,43.598894
35.264196,43.004505
24.727677,33.693078
36.278072,45.444445
21.436416,25.753583
29.173934,27.073377
35.029890,48.264194
21.355957,31.900299
33.025832,42.271333
44.093772,47.293050
22.092580,27.003530
31.967226,36.832247
24.345877,29.990286
31.074072,38.146312
18.424537,35.187918
35.128449,32.048078
42.201806,57.514109
49.461930,60.956528
31.562726,38.771537
26.309090,33.876190
37.149537,33.049602
36.987425,34.908545
36.175987,32.587489
38.941462,45.896805
23.846808,31.396363
34.320337,38.240161
33.023864,39.352377
37.125692,42.950781
32.088197,37.337245
43.621378,57.538462
34.217989,48.777145
31.281113,44.363045
31.362063,43.826184
34.081836,37.974110
33.243263,42.150066
21.277322,25.381231
21.943542,30.220713
16.506411,26.085468
20.987458,41.662165
35.956460,42.594929
30.526272,37.837103
34.607403,43.539812
27.929121,36.382758
29.870811,35.287492
17.439723,31.221471
31.121972,35.989219
30.070286,35.458377
17.753859,22.391630
26.783482,35.282127
32.593759,46.831972
33.788744,39.057285
36.136614,34.938913
34.368573,34.479030
33.210913,40.794033
26.961849,31.395501
28.410789,27.080684
35.199044,46.032100
35.835400,44.369154
38.955220,42.345271
32.601228,30.813674
35.071547,39.664893
30.929501,41.883208
42.292277,42.489760
32.097015,43.535479
36.967673,38.214012
33.319118,46.196347
42.672461,58.424494
27.807599,30.921476
23.127057,31.489074
35.123677,41.600214
41.694263,44.585896
31.373272,37.509483
9.039264,21.383932
45.622769,57.160983
27.218991,27.997479
23.591800,33.960726
25.878709,31.372327
20.305017,34.541639
35.204540,31.379597
39.712403,47.775443
28.999183,41.034666
37.616889,42.091955
28.392601,26.787465
32.463973,35.688266
17.517982,23.705960
36.657105,41.973732
26.941101,48.248338
20.706465,20.092663
38.354960,23.865239
27.110571,25.270633
29.185977,32.503850
31.687948,45.771400
32.485764,34.336111
29.853788,34.326102
38.043816,45.460229
26.825146,26.248579
29.104220,40.178171
35.117538,48.045591
24.976988,37.295483
39.095224,56.580693
26.589692,44.258859
32.331181,37.379621
25.344254,31.351277
38.001962,41.282144
43.020926,50.273846
27.381976,33.736390
34.086518,42.248507
22.182341,22.424499
30.510030,39.239840
44.739062,50.635438
18.638939,26.261677
24.391185,33.079907
24.812797,32.280745
26.113630,33.183130
36.780283,45.848778
25.899978,31.434718
15.586000,17.681155
41.912413,55.388477
23.439299,26.302957
20.184597,26.927769
32.099593,28.777863
15.984277,24.544943
21.293089,26.201212
23.986490,29.218552
31.018201,44.999135
29.695813,33.582895
37.766877,49.147671
39.701530,35.539248
25.551103,35.957893
30.221821,31.385401
22.095196,32.485969
33.238462,40.927950
37.222067,30.902930
35.252016,41.383684
37.636810,47.615820
35.172702,39.965400
36.909456,37.366902
29.835397,38.502523
15.429516,29.871699
26.764180,30.441945
30.966128,33.453323
33.423429,43.152021
24.719989,34.758437
34.127871,32.394602
24.488865,30.309031
30.451944,33.471392
9.436591,14.748635
23.719950,29.429381
28.609529,34.630125
30.221445,33.526769
35.824753,39.217930
17.705812,27.631481
19.621678,22.987089
24.551555,36.468363
45.294833,46.545894
38.530684,41.089670
19.428518,24.277226
29.820169,36.094745
36.437340,33.752812
25.379136,34.431934
37.484677,44.779766
36.428167,44.596211
25.164295,34.698361
26.575998,34.854379
32.876281,33.946927
28.009752,35.551056
31.787705,33.319885
34.054680,45.227973
40.698063,52.102851
35.757337,45.741037
31.305446,37.780863
22.624012,30.638991
27.773965,39.707107
19.707680,24.334855
27.374444,34.732904
46.311038,51.425573
26.586885,34.604429
38.265451,46.991729
36.643537,41.192767
28.310695,37.480320
21.106673,25.187844
24.408981,36.286559
32.291807,39.277196
33.698311,42.027926
22.362020,28.051452
26.990655,39.459336
28.484628,33.268057
21.923006,38.253628
25.399710,35.173217
27.225091,32.791978
20.489020,33.996335
33.372194,38.632661
11.421185,21.573687
30.567452,46.026558
36.261645,39.351551
34.493629,42.623239
39.477780,38.589518
33.716114,41.715630
32.168598,36.682833
26.261151,26.901695
30.364004,30.057591
37.714076,40.674327
36.024219,37.328303
40.567959,34.242475
27.700259,28.949729
21.364740,29.216405
13.559892,25.117708
32.635059,44.401296
31.793303,30.546254
31.981080,42.131803
41.493464,53.250030
28.251271,38.960482
31.718574,47.286052
31.249739,37.460253
22.639875,31.953150
30.480033,34.106547
35.728923,43.299072
28.482630,44.729062
29.776415,42.023676
33.149592,43.245115
28.015062,31.705451
21.845541,37.791627
31.398653,31.920798
35.272263,49.240463
31.519418,31.587087
29.421858,45.464954
29.279868,30.262696
35.997003,27.323637
24.058688,29.675829
24.572682,26.548592
32.583575,41.062659
29.831103,44.229689
40.156091,48.405443
25.828334,27.989893
28.763794,34.994432
32.829064,35.325079
30.420091,42.111729
32.250030,21.527735
37.492165,37.854205
25.694880,32.594593
26.050314,25.944831
24.735484,28.664934
26.351920,37.851998
34.012607,33.614667
24.698821,33.070241
33.129366,36.311627
31.565688,39.456490
43.229516,53.511250
20.019626,29.799341
27.664005,35.328986
33.908812,31.162000
27.720572,27.580552
33.729196,37.711735
34.948199,42.106262
30.407327,37.843146
36.247715,37.812083
28.083597,25.299663
29.351845,35.553906
21.333525,28.234515
15.951300,19.238138
41.186560,52.738634
39.172299,35.333790
22.420690,32.165241
31.017783,32.425663
20.567660,25.816482
18.860029,31.805333
20.289461,23.624223
25.058566,30.279558
36.874231,40.808795
28.182129,38.553834
34.332529,42.606804
17.792417,20.935453
24.504340,30.310420
32.596616,34.439488
24.828884,20.256772
44.176275,51.558335
37.653888,44.329864
35.184463,40.057533
24.667831,29.185026
27.652709,32.631039
26.274189,21.293417
25.028436,20.563437
26.382368,33.333990
22.275146,30.158066
20.789160,27.543585
35.966571,41.862919
13.418121,19.588824
29.820533,45.944286
33.598357,43.420922
36.686267,35.525099
37.255545,38.531044
36.097101,31.856981
35.201143,41.471975
36.673960,37.478749
40.416050,40.526457
28.338704,41.134230
25.229862,31.674475
43.175132,47.852138
40.294672,45.862609
35.484444,35.252579
38.113408,36.802729
23.245722,24.980617
39.845178,37.127299
27.630649,40.942357
33.491426,32.913830
27.173692,33.271350
27.246458,34.428103
40.738921,53.265767
33.804242,47.038500
29.310774,34.802422
36.555020,46.662642
34.833090,37.617617
34.747629,40.711697
28.996255,36.900449
34.103095,37.909547
36.311057,36.868128
29.429226,37.408127
26.465901,26.682788
22.830259,32.740281
28.112865,27.200571
32.069001,34.494870
22.031176,35.918526
32.198701,32.772543
26.969520,33.367574
26.897615,23.214730
25.423690,32.658923
25.306920,33.039554
30.187408,38.357513
28.978193,31.725001
33.521433,40.617053
30.194929,38.726323
25.166391,27.737376
28.474188,37.871403
31.639730,37.706471
41.486883,50.945022
40.739440,49.009154
20.390222,24.988430
35.493885,43.716655
28.515481,34.902198
28.360157,41.287025
22.689245,18.230222
30.916567,32.493287
28.070348,32.157424
33.403643,41.576334
24.623229,32.020277
25.059206,28.172098
33.609713,44.805052
39.534684,34.619773
43.319328,57.284406
26.835231,33.358600
31.645915,33.502467
24.122214,31.681331
39.145635,39.236782
48.158272,46.159876
38.175340,36.483615
44.093998,46.835625
21.607374,21.991821
26.995972,31.798197
21.161108,31.725440
24.701038,29.643524
38.172064,38.108687
23.163713,33.844981
27.374613,31.808368
21.576201,31.583111
35.510747,44.835074
30.023703,41.142008
30.405990,39.133558
26.873221,29.458454
35.101085,43.138464
32.814499,47.721672
36.647962,42.225370
30.486101,39.135867
21.812209,22.576800
40.684713,51.006697
25.653747,25.817523
39.267416,48.777868
19.092505,17.827799
34.800416,31.567501
34.400813,37.434309
14.544624,25.666527
22.245794,24.462379
42.517338,41.022342
43.388366,52.225693
26.509225,42.656136
27.916957,38.183352
29.769975,37.745910
37.227063,44.545638
25.657400,24.387555
24.377661,34.921162
17.864656,27.051336
29.362507,27.666243
30.041549,40.839221
23.851774,29.607349
42.223205,44.939123
28.294029,33.878451
21.860749,36.638192
45.639030,58.025720
20.480224,24.604947
35.832440,42.677668
40.922383,36.250264
30.022606,36.729608
29.612042,41.405881
25.524860,31.255039
28.594038,26.487941
24.098879,30.877814
28.690066,26.410435
34.946678,41.521549
33.432518,34.786297
42.222330,44.037501
31.578982,35.176151
32.873268,30.377297
18.632174,21.298271
18.613471,24.581141
31.423712,33.550002
23.972155,35.034710
33.285114,30.936742
28.936255,37.600990
40.036363,46.740883
41.812631,54.508807
39.848279,44.161101
20.812536,31.100149
27.696311,31.005167
26.105565,28.262379
29.071496,33.571110
25.017266,35.305878
20.422415,26.189025
33.918502,38.322076
33.955104,42.464790
28.548247,31.953886
33.674914,40.850084
19.721938,21.055555
23.480629,34.596578
35.707644,26.549917
36.072191,43.787261
30.635297,33.504714
17.763991,22.247662
30.751784,41.405343
25.198973,32.997972
28.351401,30.986110
35.620120,39.709356
38.227762,50.486883
25.663032,27.488583
34.080801,32.198693
28.077139,38.171184
32.622183,40.550945
35.075725,38.693063
43.684224,53.801008
26.822590,29.930488
30.832500,40.087020
26.726932,32.435660
40.660972,45.316497
28.226145,35.492438
31.455877,38.581740
30.319110,35.150069
20.882400,25.360908
34.142849,37.825655
29.833356,34.301206
31.152550,36.878032
37.380607,32.524452
32.309529,38.844061
30.986912,40.924602
31.338067,39.830211
39.555098,44.567360
34.699903,48.579251
27.649355,40.814415
25.345736,32.063143
28.831701,29.935287
29.820107,38.443736
20.029011,29.180053
33.444213,44.321156
27.495379,39.130034
17.989860,28.919319
36.108515,49.982755
23.597437,21.793657
20.762438,25.110141
33.465803,42.511180
25.085908,36.145482
39.372061,40.442472
28.341861,36.824943
28.316871,37.387554
28.502945,35.142738
18.306233,23.194225
15.384931,26.942321
24.747814,25.390265
29.191745,34.244794
26.651630,33.861519
43.965376,41.731632
19.312325,15.865695
36.834159,44.234744
28.929710,38.345734
25.508504,36.135148
42.906240,40.287885
41.862748,45.155459
32.155936,47.834046
21.631228,20.465342
26.270108,28.831993
19.570555,28.587591
33.327967,45.103889
37.735471,44.918759
31.848834,34.078613
16.405680,22.927994
26.860030,35.662367
40.434110,42.808960
38.192119,42.192601
27.400864,38.059070
34.657204,38.713190
22.542791,25.531995
22.150734,28.274610
37.272885,45.097569
22.509104,27.910239
27.979539,34.260899
28.157299,22.229062
32.158263,40.441187
30.586499,39.318128
30.574909,43.797037
27.890528,33.308959
38.060019,48.892486
22.821712,28.554658
24.835733,38.441617
34.093827,42.610868
31.193107,38.654885
27.479899,25.811656
15.121836,13.631693
26.143039,29.117845
25.115752,34.039354
26.994962,27.868465
34.393205,33.982805
28.181064,41.286991
35.895475,42.274106
21.336685,32.429952
41.808177,50.501649
25.264773,37.134269
36.424178,36.218444
43.693460,44.745625
28.422360,34.331098
33.060113,41.809189
26.027164,32.038596
18.993133,24.794884
30.530758,38.705538
32.662522,38.326564
30.615576,39.480437
26.093581,25.548203
35.685474,49.404864
32.711584,26.201805
37.069506,47.333760
17.966189,27.282009
18.858379,22.796949
32.283875,35.601942
43.977023,37.561580
29.166646,34.494990
38.427404,52.124072
20.150522,23.137334
19.257409,23.827637
32.627188,31.313192
28.579431,31.352962
26.346797,33.226599
19.996010,27.847803
34.467358,38.478311
37.810975,34.123990
29.027396,28.137611
34.926021,33.871140
40.400351,49.767273
22.701931,25.563913
36.742790,45.860790
32.457201,33.112942
36.468642,43.386025
29.261049,41.285811
29.597342,39.538350
39.078537,37.454762
41.962125,36.477776
37.885522,41.874908
24.494367,26.041649
13.149412,17.334691
45.656344,51.267837
24.822225,33.659393
23.571455,37.981440
25.508484,29.495735
17.211866,22.689152
21.520178,22.313876
32.851754,31.860636
36.969886,41.393918
14.491264,24.269665
30.285524,30.511647
34.524575,36.965304
30.950049,45.205968
33.992150,42.813790
31.899913,42.739857
28.698391,28.934597
10.474503,14.856861
21.453292,30.678937
35.035298,34.911223
33.652734,34.895811
15.560353,30.031676
34.531181,40.184742
24.918759,26.965528
29.085104,27.862881
28.965988,41.288030
28.249279,39.553156
14.918794,23.586416
26.408653,34.064261
22.276396,30.354715
27.921836,36.936729
25.842277,27.574914
17.429964,25.142120
29.098815,37.139610
33.656540,41.019565
25.485095,28.485961
33.364954,44.901612
32.714101,41.433924
40.448374,42.456739
36.149488,48.686220
15.353456,32.199589
32.576023,32.159213
25.764720,31.661193
25.699950,34.114572
44.606123,48.738615
32.039861,39.104651
37.306597,40.702760
36.237895,44.437591
40.668912,44.206594
28.071846,31.017008
17.225718,26.375782
36.821168,44.387571
37.822869,34.259318
23.910844,29.513420
34.866975,37.386885
38.427248,47.722165
25.881449,33.073980
25.424349,35.494035
41.522523,36.833324
31.761358,37.061949
35.572398,30.186486
47.544358,50.296077
26.352121,34.503247
33.434717,43.315653
25.765328,26.773150
47.961333,51.369042
21.837472,21.134401
28.752506,29.245668
35.515714,47.750832
25.241273,29.042559
35.832768,38.051031
30.666757,32.612314
26.367573,35.563277
27.634680,26.865627
13.848100,19.081248
25.870545,34.202608
30.749934,43.218346
31.656830,39.361325
24.473964,24.499489
13.013957,21.665879
28.071506,34.491173
37.354782,52.671460
27.355378,32.813753
21.743161,33.391448
26.402508,28.071413
34.231720,49.660182
39.053485,32.758230
35.639554,39.229407
15.001530,25.571694
29.953233,39.403843
34.049825,40.528740
27.963639,26.767038
24.394537,26.850356
44.519964,47.217452
19.763920,30.958312
23.377841,29.470331
26.650049,27.555468
18.376013,30.633654
26.918165,27.921421
37.272595,55.892082
29.656173,32.972874
29.367036,30.618903
25.648276,29.132649
35.027772,37.226436
32.128947,27.331211
35.377174,43.847107
34.224728,35.573293
31.032660,36.991839
44.328172,46.795894
35.016160,41.738446
38.305901,44.048869
24.476565,29.803922
24.169836,37.449885
26.532412,27.380274
28.092879,31.721435
35.308812,45.799318
36.456638,36.139536
21.744939,24.635058
20.994474,33.196397
41.080318,55.591444
26.452800,28.190204
25.661286,33.310474
38.915698,51.674707
24.535527,33.576930
28.396495,39.265243
38.079384,42.563131
28.732851,36.240983
25.071933,26.509058
26.319134,41.318871
17.711629,24.837132
23.886726,42.991088
22.501422,27.611658
29.586241,35.615135
26.235751,32.002082
25.243098,38.632259
27.689566,34.994979
25.041878,33.470209
26.723030,36.717308
21.171190,33.318282
27.959123,28.091171
33.894952,26.364783
42.537701,52.166082
23.586664,23.927074
29.909604,32.632399
32.832814,39.170557
39.036902,29.079144
34.813283,36.381171
37.043007,39.730069
35.277119,43.725013
40.870314,44.906544
41.125912,36.478898
39.314430,40.651419
36.975769,32.231939
35.562462,40.419766
31.944666,41.526159
39.954792,48.834881
37.274695,36.785475
17.263343,26.560413
29.443277,37.034666
33.694643,28.556046
18.565035,18.772036
33.813185,39.063007
29.483181,29.622929
31.148680,38.825084
25.342700,32.529507
24.336474,33.667204
28.307340,28.921970
33.140527,38.188385
27.352778,25.438088
21.355835,22.918625
32.746043,38.721022
26.766516,30.292112
36.727267,41.094295
32.161737,35.396514
35.646331,42.324294
34.136251,29.857273
42.128618,35.614008
26.837457,31.444086
25.300469,27.664534
17.452546,18.962386
16.828271,21.139654
34.780252,41.253085
33.171350,46.038575
27.810826,36.058123
32.216978,37.656200
19.095149,24.117890
36.261744,37.474374
26.524591,29.136231
41.600167,47.875710
18.573543,33.723340
28.419807,31.631078
36.252848,43.302978
20.367809,24.652082
23.026736,29.087700
21.231927,29.098873
34.220158,51.017520
29.625549,28.195603
18.033338,24.579110
26.837150,40.576876
31.860982,38.085522
25.791625,29.500210
33.281234,39.418516
21.603493,26.204726
33.257250,34.530711
39.286033,41.905731
27.012499,29.188295
34.554021,37.427023
34.063745,41.902131
27.019777,34.877698
28.038756,38.075643
37.843997,47.802585
31.412592,22.940233
24.097706,26.452282
28.558274,28.990604
26.469645,24.276190
17.604402,22.885926
23.499462,27.406230
33.493130,41.936596
33.787428,24.873868
24.754748,29.731620
25.422504,37.629314
44.812755,43.063129
24.531898,28.653912
14.296680,21.955907
29.314051,35.314467
31.077694,25.919475
37.266145,43.317732
40.616677,43.038748
10.037824,13.390663
31.579305,34.046438
16.287026,26.413187
28.522892,28.769699
28.773774,33.751722
46.957264,48.212856
22.820768,31.097232
22.896457,29.631581
27.171353,32.930033
36.399153,41.112861
34.252061,36.523139
29.221355,32.012612
33.205053,35.788210
35.699551,39.379417
36.465410,44.800244
33.444177,42.454892
22.131614,35.015716
25.281005,29.938322
44.734439,48.107756
32.780961,44.461666
31.360026,40.806001
25.546613,33.086904
31.226586,32.759028
30.455684,32.461456
35.823984,31.842019
30.021618,38.024200
26.146506,28.613102
30.351136,41.247389
36.393080,42.688295
31.150294,34.545550
25.399783,32.720953
27.629072,36.483893
35.472755,43.484979
24.151547,30.283925
16.680324,26.754462
32.535685,35.293582
23.568438,36.178725
25.818899,28.208794
34.544255,43.161614
22.995390,32.458067
33.981537,38.911501
34.820667,44.785315
30.776697,29.755835
15.553444,22.410079
19.003480,29.296222
19.129514,26.068755
38.161338,37.327565
32.536861,35.669095
33.819337,32.522821
24.397917,28.387610
34.974082,52.322562
35.114025,45.229421
25.497573,23.522664
26.021100,37.825034
29.156666,32.682819
30.717796,41.668343
27.455532,26.490843
33.710332,45.470355
28.630105,24.154021
34.027598,35.614078
37.149195,30.668447
25.696047,31.804494
34.025299,35.371981
33.111926,32.427704
32.302033,38.864806
32.470897,33.563937
28.817438,42.213777
27.960587,36.884123
24.978527,26.238175
32.710847,44.602889
32.631675,36.728169
25.243388,31.719509
35.504823,44.959217
29.764737,35.892842
42.425242,41.503450
28.055998,34.703714
44.405982,40.689525
46.212768,49.344075
35.941816,38.838395
34.577033,40.657202
21.735081,30.385603
31.357026,37.517387
24.058295,23.515309
36.141735,42.221453
21.245166,32.266823
24.864195,28.549290
42.692838,58.789372
34.276923,42.470589
29.965094,33.596417
25.676406,28.024048
24.843540,26.780644
39.398979,55.773978
28.497265,36.836605
17.750823,20.383099
24.536974,31.651987
26.204043,32.389112
28.078826,30.988983
33.485444,41.733800
22.633161,30.366464
19.742212,30.413375
23.576667,39.788789
37.815448,50.720626
26.456391,35.813715
40.893695,40.824078
32.408596,36.028864
39.538104,37.810058
29.643393,32.215716
41.535122,46.438261
28.031088,41.467535
20.903009,25.480976
20.200779,26.495129
39.111785,39.393224
35.350065,45.799129
26.880176,26.196456
36.147547,41.617825
34.567744,45.166317
20.679642,27.991672
28.946180,29.096678
32.571624,44.067080
41.697193,46.589639
30.701632,39.199723
32.214073,39.321598
16.242165,20.079466
27.422955,37.598005
25.732345,34.325569
27.960938,33.843973
24.295236,26.931731
37.933501,41.188696
43.563574,39.804939
19.536439,32.771994
25.834492,27.124627
30.579355,35.762804
30.538432,41.963227
35.374026,34.683214
34.659790,45.062762
37.234891,38.964826
29.460270,37.362808
38.558080,32.956578
27.822264,24.674759
33.104063,39.080647
32.883558,42.450352
35.277043,52.339514
24.572778,27.778420
15.740181,26.533267
32.817939,30.519465
21.355428,28.717592
21.728694,36.018222
25.771269,29.081459
30.397375,31.978354
20.631564,24.900189
38.921545,49.299141
30.998652,36.588912
33.168059,35.364387
31.544327,39.353993
17.281700,26.320512
32.874340,39.778880
38.655579,46.126266
28.800853,32.669762
25.189059,28.605519
29.714835,36.450351
20.422089,23.095426
33.552283,35.835678
25.765638,31.602668
31.273166,43.670936
20.906330,29.703240
30.110869,33.788318
12.544511,26.374010
38.341417,42.919571
38.370343,42.772465
30.370399,37.367357
41.305838,54.367815
16.475442,24.929433
40.486379,45.839643
36.295914,33.751853
34.045955,38.045288
28.963255,42.599439
18.077983,27.260069
8.136798,18.170100
24.242889,35.198299
36.808558,39.260640
32.847509,34.422969
33.366246,49.921853
17.068016,17.559147
35.667994,46.516162
29.861612,30.716550
27.571276,35.740756
38.690436,43.209433
31.592583,28.978981
34.994973,49.970396
31.112447,31.830319
26.921873,35.614405
38.071222,32.830311
28.957900,27.423114
19.377164,24.478791
39.413845,48.197653
26.167272,27.408983
19.722979,33.976341
31.592838,44.794767
40.791334,44.182755
26.858224,36.085184
27.402559,32.512809
33.405532,31.970094
34.769075,45.151623
33.334021,41.822469
26.601673,28.837946
38.461882,47.237973
38.662247,42.191953
27.459111,25.405976
30.648129,37.434821
30.683060,36.359724
29.641679,29.621661
43.017608,50.610504
40.708250,53.634265
34.308907,43.522051
23.516855,29.611886
34.237084,40.323723
25.688653,17.143116
23.090176,31.694149
19.386525,26.348459
40.640418,42.311879
23.492281,26.203991
37.066160,41.297222
17.926847,26.067066
39.716359,47.792891
33.177285,45.183131
33.020554,39.834899
32.776482,37.196272
28.660468,34.303463
36.843643,36.257133
39.622279,36.969061
30.243189,32.615797
19.964450,36.477478
26.826300,32.672160
30.130207,39.481701
20.807018,28.014979
41.585910,37.629087
38.069497,36.560895
33.121876,26.146880
28.814847,36.069828
21.661860,21.906926
31.198863,35.058922
22.689200,31.213589
36.323268,41.019891
24.859824,20.799993
27.989097,37.712767
32.920145,49.778682
26.319820,30.192532
23.827543,29.054140
25.161817,26.368292
44.442453,52.393430
40.755869,47.693683
37.490844,43.809128
34.137385,33.513888
29.850320,33.996399
27.932521,31.520250
26.075203,27.828139
37.155785,41.608434
27.013495,29.124229
30.819780,37.441707
23.105926,21.488897
37.049866,39.084555
25.668804,25.999749
25.672164,26.260690
26.478714,31.540144
35.179024,40.275231
36.168324,49.149256
37.565313,51.327190
23.948491,29.349713
40.206358,38.851354
36.068575,38.884351
18.398425,18.598685
24.425790,28.117397
27.766894,35.886129
45.277118,50.493299
17.901761,30.801269
23.258071,32.261284
29.392372,22.669206
33.254416,38.720226
35.052440,49.282418
26.543864,38.045259
26.441007,28.758349
10.832732,14.192918
24.474595,21.433089
25.678933,37.559113
41.918144,39.103720
22.802380,38.686356
10.190930,18.823342
32.863681,37.555768
25.837316,30.959991
38.053289,49.277263
43.698556,56.463480
43.771008,37.406367
24.141939,29.434358
41.666113,46.899987
45.838319,48.194664
19.185198,21.221907
31.538242,37.082822
28.524183,33.714047
30.502331,42.306630
33.667174,35.926270
36.383696,46.061394
22.753616,30.795905
21.654011,29.223386
33.902495,40.750556
23.911547,31.707192
37.357411,35.304676
27.120793,33.168921
22.294104,27.767866
19.579146,26.005386
33.988447,36.698612
38.833642,40.099707
35.210357,38.133016
20.628279,21.341187
31.605954,34.775385
25.595168,38.377320
18.722221,30.350567
28.924541,31.627332
21.273390,23.145772
22.033071,34.003876
29.515163,31.945025
15.090886,21.399919
20.392111,26.345689
20.435068,17.773064
26.664900,23.510610
25.019654,23.109476
36.055796,48.863070
37.315672,46.297084
38.233682,43.495440
32.128330,41.215741
32.743788,44.697590
32.790672,41.889815
29.244073,31.849177
29.631290,33.321783
31.980295,39.445922
40.343595,46.291053
28.858339,36.685401
26.965543,37.413702
26.521446,37.175707
36.454580,43.883489
22.712206,27.938525
38.738372,52.839410
36.312932,35.575017
22.060517,35.365080
19.748081,29.144540
20.005377,23.769829
39.182298,44.220776
22.328285,34.603645
25.158494,29.468486
37.614948,38.426208
35.038563,41.341921
33.515918,42.631733
31.730585,35.409150
31.863014,38.899595
27.258246,31.939595
31.944435,38.368816
10.743736,13.052278
32.023293,31.915961
43.279844,48.701622
20.877176,30.274225
15.302626,23.572711
34.017725,29.328589
33.577650,43.847378
19.523387,23.822331
32.750373,44.056728
33.414559,35.148225
24.486286,22.415858
34.235462,35.810184
31.339595,43.606287
38.230555,47.935068
28.108863,34.824824
20.677092,28.631017
29.699481,35.197856
21.468670,27.451297
32.700806,40.101266
32.021874,39.282400
31.391870,38.786184
34.137934,38.213437
28.964585,30.958437
21.449475,25.155579
28.924639,37.462703
37.741917,45.794719
34.872290,50.372427
21.473351,28.688196
28.309030,27.780527
28.466145,28.701968
37.918482,40.060935
24.339016,23.970184
19.418394,27.751532
27.653605,31.924478
31.074728,44.181389
23.907048,39.078288
46.758070,54.567996
33.608449,39.784073
35.694991,47.798130
27.539909,29.292832
28.014857,34.024721
29.125828,33.657889
35.800602,47.365481
29.665895,33.113652
29.799910,30.011548
36.200408,41.377890
21.948500,27.849544
36.342079,34.047504
23.527111,13.547233
36.315728,41.975055
34.511830,41.046060
33.523155,40.362364
30.443812,43.648006
28.155525,33.922476
14.339093,19.668776
27.643438,29.609637
18.078414,25.912512
41.518469,36.303957
38.705701,42.246503
24.279992,19.234235
35.347527,41.410847
27.435767,27.557543
20.937518,29.900436
27.033200,38.043981
25.911538,22.335205
18.223131,31.423611
29.940247,34.261922
32.121241,40.149647
36.086087,44.724356
25.684040,26.637841
42.683216,44.963967
38.042506,46.995419
35.302227,42.813597
25.156488,30.242372
34.356529,41.393833
26.451431,37.868495
35.593544,38.044653
43.532523,51.332706
30.409797,36.959134
30.652440,27.694389
13.744346,26.056872
34.729454,45.039680
37.261231,47.829288
32.435839,33.841712
23.749776,31.931908
19.776250,34.417340
25.454817,30.806855
18.768329,23.564543
41.349146,40.730325
45.045045,57.982552
20.983638,19.270737
34.652977,39.174630
22.156405,25.838006
24.604731,30.458366
40.239658,47.840858
24.006195,32.429408
21.255574,27.118065
32.720148,40.563435
49.982942,52.602031
36.246914,33.995585
27.199391,29.072345
25.844428,31.838704
12.431836,16.167682
26.651674,30.291804
28.160171,38.467309
29.878833,41.162379
36.403114,45.389297
43.605656,47.644174
31.103814,42.083471
21.149301,22.819164
30.959059,33.667382
22.412532,25.627065
14.309449,25.640829
35.658523,48.964938
26.976725,32.089366
38.560345,35.365273
30.061973,36.414775
45.987986,35.367718
36.934800,48.634844
22.659469,23.080444
35.353739,34.451994
33.839357,44.328938
15.752260,18.958293
26.123755,27.530345
39.050358,49.197215
31.835657,43.172363
28.006922,29.762748
25.687515,22.909255
22.394441,28.169568
29.105494,34.195318
34.534916,40.441321
35.635171,34.009041
38.730486,38.392324
33.238496,37.662480
28.685243,30.699553
26.663098,29.170809
31.329996,35.521866
32.945250,33.664051
25.074614,34.742975
35.105039,33.659537
32.910773,40.878428
36.369122,36.174521
41.321490,47.824552
28.066571,35.016992
30.725895,37.312355
34.345171,47.301146
39.549094,46.118404
29.112868,38.178565
36.726892,42.215209
35.318408,36.556954
31.077992,34.939264
29.483156,35.755659
27.386101,35.689881
27.525787,32.730951
22.134305,37.011772
40.769512,46.965774
34.087519,40.076049
32.754863,39.795790
30.032068,37.622437
22.067416,28.013858
32.487776,34.929182
24.207015,29.013468
29.756362,41.442886
21.247654,24.943627
38.224749,44.065271
28.411756,40.966000
31.879292,38.783649
26.366794,25.091832
25.162987,29.335892
38.746031,35.033434
30.769316,32.740478
29.465474,32.028295
39.950944,57.663523
28.394729,33.357340
31.965485,30.506626
23.733600,31.273587
34.434458,40.926042
23.304726,39.304277
30.454242,34.971604
33.334526,35.992359
35.023993,46.213459
41.375887,37.865974
28.351537,37.838750
34.063017,38.989707
38.052494,44.837816
31.497967,33.492128
30.658170,32.062619
49.739184,52.664123
36.333010,41.510464
23.483123,34.765962
41.877258,49.922573
26.453980,24.198235
33.903103,51.685680
33.477014,33.272998
22.279122,31.097963
27.601602,35.821601
32.224768,42.349338
32.498340,40.314734
39.316045,42.554849
10.802799,21.864696
34.913973,38.408348
28.436808,40.318018
24.507838,29.313234
29.275827,33.867035
25.360143,26.697291
29.051864,41.093983
30.362879,36.322809
24.517506,24.265480
19.032381,30.065992
26.333637,25.857250
36.495661,46.836996
29.941546,38.030077
20.905111,35.608459
26.087277,34.926818
33.237550,38.003447
38.804337,38.650188
34.322069,37.200382
24.317721,31.668953
23.441027,30.411586
30.912597,37.316229
24.440214,29.276934
26.240901,29.842164
37.025633,51.535107
19.400412,19.024090
33.850114,44.722761
32.511675,44.078139
37.086817,46.291123
29.438206,36.150639
35.611541,43.776856
25.201448,22.091636
42.002372,46.983758
23.147653,28.230028
32.515575,49.295658
43.999649,56.315961
25.225696,35.546054
30.811551,31.450078
30.563881,36.374129
20.253709,28.038873
36.262940,33.256045
26.571915,30.590400
37.118480,39.572607
27.471986,31.658077
17.881815,30.303064
33.181067,24.196336
33.218696,37.823496
15.082120,16.601246
40.672965,39.712648
45.615902,36.797923
32.782758,33.682351
20.405956,21.730587
28.540510,35.890972
30.177643,36.431465
23.379240,22.355047
28.924498,33.638463
23.820804,37.194655
28.008384,35.980154
35.823884,39.537498
33.824174,34.202871
35.199811,41.120645
19.966818,25.426852
23.033336,29.785252
24.070738,30.502982
24.185996,31.614085
42.895888,40.384685
29.516763,46.736023
17.477759,22.424789
24.914058,35.666468
36.408189,34.102901
13.187955,16.540273
30.316169,27.521674
25.667140,37.673695
28.385730,38.640676
15.091667,23.257009
30.730043,35.927626
34.717631,34.134389
32.387217,37.038308
33.815629,35.484987
29.533484,37.039680
31.400354,30.599736
16.379176,29.605359
40.726534,40.029897
36.253002,47.056041
20.955536,25.653379
20.421320,25.039629
23.963193,32.215478
21.002565,42.213236
24.325585,20.815584
24.654700,35.038220
32.754241,36.506244
23.087085,21.636280
42.144426,55.081022
30.726568,27.188021
24.027831,23.511433
20.198337,23.557310
20.373952,28.034520
38.748374,42.807344
31.242757,37.060237
26.515260,33.648699
21.248143,23.956900
45.548978,44.422115
17.832864,26.822122
31.248705,27.415336
39.755897,33.993407
26.323980,28.899911
40.940970,37.639890
29.194998,21.415824
26.685057,31.693029
21.158241,36.424082
34.988954,46.595149
36.157074,44.059135
35.541035,36.815607
37.619306,48.717985
22.623783,23.949976
30.721326,35.753125
42.225489,50.715985
39.201396,50.478947
23.374817,26.525904
26.138259,31.167859
28.468024,38.898987
30.617338,31.677682
35.238336,39.978920
35.243614,37.702726
33.839369,35.375879
37.260660,39.916633
23.002640,25.050035
27.585913,30.124734
43.838511,47.730400
19.345870,26.700583
19.470126,22.915222
37.060593,22.425671
43.403198,47.068999
24.551155,37.771807
29.327703,36.373143
29.504639,38.378145
34.467092,35.600852
37.104146,37.459649
27.247274,32.680989
22.504248,35.255495
24.849132,25.078923
26.398659,32.648748
12.988151,23.577375
32.583483,37.932428
31.169461,32.807975
37.344201,45.152521
35.532784,50.989352
26.912266,27.639203
42.438551,67.458332
32.205620,33.136238
22.432032,34.948925
21.476434,32.280352
50.543613,53.812984
25.337318,30.906523
25.294058,37.456557
30.964808,45.498988
32.635895,38.619433
30.081821,30.319212
28.999628,25.682571
33.723308,36.266674
32.979426,37.046672
31.508029,36.254666
26.442008,29.235808
30.181921,32.098750
28.754031,28.357057
28.761703,40.477805
16.335656,23.662818
27.852084,30.142857
25.269910,27.281736
30.691960,39.283974
24.127621,33.460424
25.300813,42.243160
28.376124,35.778157
44.963007,42.833358
38.107374,42.339066
28.703239,44.461274
37.191547,42.881275
30.664555,39.220620
30.595156,26.103340
23.107071,27.383602
35.619492,45.178590
41.338321,49.459034
27.145541,28.997600
33.111038,36.744754
31.728645,31.650811
31.463700,35.635406
39.472141,48.589669
18.884861,23.988187
27.931319,27.546152
29.422043,46.029616
28.015325,30.850945
33.766734,34.591318
27.360186,29.877465
22.365617,24.432043
32.536052,41.065719
27.249592,39.324044
24.143569,33.435725
22.627697,25.790556
30.773795,39.391992
31.479470,34.857886
39.117740,46.872584
32.947804,39.689449
30.132413,33.286931
37.130298,33.627482
30.237977,29.414778
27.598648,40.903425
30.106171,37.230755
24.151352,37.182267
32.676134,38.547786
23.006968,35.325290
33.708148,43.127315
40.166704,33.105517
25.814243,29.948701
35.839778,39.228950
29.580091,38.125043
34.960836,36.805306
42.345485,48.803781
19.219216,26.517789
36.949297,36.807439
42.743191,39.895946
28.980123,35.830392
30.845452,39.714212
34.163881,36.474080
33.991065,34.848770
23.444328,29.951822
36.873742,40.790775
15.073358,23.967806
32.766073,33.468996
30.612746,43.060657
22.074018,39.161968
34.783845,34.524063
19.404831,27.123794
33.401947,39.748053
18.935658,25.168176
26.062376,32.191793
30.358892,37.373652
35.101127,46.743816
44.121696,41.501364
32.283580,34.763961
20.332549,27.323566
36.875380,40.962186
23.323057,39.647381
16.495455,24.075798
23.739896,34.793161
34.732562,39.487676
31.951394,36.940951
18.043509,33.697828
38.159379,42.241053
19.295224,26.807830
15.057512,16.787392
30.936474,34.355517
33.630981,35.805742
33.686755,34.164030
36.484924,49.042535
37.725826,37.874245
40.843166,41.983808
38.680275,38.580154
27.234489,35.565409
27.020640,27.360771
29.622820,33.657970
29.006046,38.415949
42.868032,52.294489
30.536556,36.111082
29.928398,28.788579
34.142625,39.396858
28.674200,31.382777
30.308586,28.866148
28.337942,30.612087
38.222203,46.050381
33.573475,31.209226
29.383994,31.128168
28.509555,34.183895
27.961788,28.900182
35.842651,41.479819
27.342336,31.149273
29.509331,37.729719
33.289790,50.155830
43.876759,41.339883
20.797696,29.277324
19.658937,22.068422
25.875535,32.467834
27.069915,31.822129
38.522562,41.519756
34.689349,46.382123
38.968408,41.322958
25.293321,35.618157
32.179276,43.151371
30.264792,35.432480
28.217716,31.233696
30.214170,41.516042
29.721904,43.617424
34.964446,39.690360
26.269527,26.642805
32.017431,40.315055
36.994791,40.681513
27.356760,28.815716
33.684240,34.938029
30.358605,38.124268
34.775508,43.157492
32.045846,33.866853
24.442995,33.758620
23.789959,24.739535
19.917536,26.864963
31.781690,43.603496
27.630852,28.263730
28.842292,31.379556
36.923403,42.903650
30.469480,38.126963
33.067127,41.720366
21.187350,32.609441
30.359943,35.412803
39.379816,46.182437
22.341472,33.858850
31.175720,38.108023
17.196426,14.773372
27.461428,35.412458
27.178137,33.676565
19.409168,31.600933
25.970085,29.575958
32.056536,38.951438
33.630177,27.951502
44.777832,54.792966
23.786298,25.963902
38.812961,44.360326
24.512395,28.921334
27.380514,39.903640
24.454866,28.332780
30.242608,38.858601
31.819524,50.356974
27.970084,35.828538
32.634702,36.724307
31.242287,31.452695
26.756786,38.785403
37.677675,42.422724
31.561614,43.758712
16.909447,20.555235
31.633293,44.633780
22.187010,27.960805
29.377845,36.339087
26.883790,33.203181
25.439775,28.223407
29.148871,34.579697
32.206116,50.786873
28.558325,34.891521
30.178839,41.763692
30.645527,33.326586
36.550490,42.297060
15.655711,19.122156
20.532675,29.612052
32.222197,35.432123
22.420905,28.236263
36.537229,39.328167
29.119948,32.997992
27.813649,32.679517
36.157220,35.608023
32.945831,32.916017
24.014991,26.675611
24.959718,28.628005
32.348798,32.454689
28.958546,32.044998
27.613682,33.774493
31.659837,36.730098
29.408250,32.903863
23.830203,27.137289
32.739326,50.671946
37.399139,30.610189
40.395300,46.304650
15.598451,21.911852
37.503780,52.815106
34.728965,50.244217
36.412188,39.711733
20.349172,23.944465
32.288874,36.639268
24.471823,32.329869
25.882140,39.975649
33.685871,30.901452
30.123042,34.490735
30.967874,40.874114
46.121670,55.041733
20.836956,26.762022
32.785708,40.752417
38.090133,47.980001
44.611596,57.750323
29.047579,37.948241
28.082898,29.518835
23.726402,29.744521
46.600948,52.657718
10.486150,15.129162
31.485590,41.251964
32.579972,36.663845
28.502958,25.632414
33.427358,39.031378
10.689412,15.054236
36.244177,46.734334
22.655757,36.699808
36.839297,36.452571
21.297884,26.845652
23.875779,30.004154
37.824849,45.940177
26.412684,32.175872
19.373094,25.688686
34.339143,36.370708
21.492222,27.453268
33.827859,37.585198
36.454612,47.042383
24.937959,24.353212
25.589724,28.437526
29.122518,30.988715
35.494068,30.910590
41.187450,47.051323
47.509323,48.491865
33.152292,38.215924
19.294177,25.226508
23.220072,32.157986
29.415288,32.087232
14.819981,21.603178
23.477459,23.741013
23.835664,27.243577
30.968009,33.633832
23.044548,20.195857
34.550101,42.644683
30.922769,36.402448
30.581622,39.776239
31.853580,36.136786
36.767799,40.883934
33.461958,30.130909
38.390159,47.013811
27.825009,40.383940
28.987833,46.478345
21.541175,28.509107
34.276735,36.785170
41.598158,50.348876
43.326809,54.124891
32.552953,35.075135
39.696223,39.044563
33.647052,33.265103
21.218335,20.828671
34.624615,45.009347
25.774843,31.617890
39.871356,38.546255
34.313959,44.310336
37.055781,42.219679
34.805262,37.717617
22.657883,25.856700
35.200661,34.222418
30.010544,31.369188
30.150504,35.863477
28.494384,27.752543
20.326791,30.710639
26.761893,41.348214
31.747406,34.846032
27.016653,28.418577
25.047618,35.596832
33.873132,39.032410
24.399366,28.939443
37.608562,45.397176
34.131844,38.259133
36.823022,38.948008
38.399848,42.172952
40.144964,34.472954
31.909038,36.080232
21.524757,19.833401
18.331685,32.263873
18.938318,22.786766
36.041906,37.110730
35.286270,44.431214
35.090675,44.028511
39.505648,43.655611
41.226559,46.602958
23.472090,27.786051
32.375333,34.952918
27.570356,33.062827
37.279855,39.898076
30.758444,43.444547
39.407572,47.086213
29.292092,37.448248
34.695001,43.966001
31.661935,41.947678
20.560702,32.756811
18.786134,18.729503
28.718648,34.818798
27.501908,36.876383
40.128410,41.047647
40.830708,41.564525
32.897296,49.158369
30.876411,36.175239
35.624602,44.852962
19.591536,20.893538
15.623704,15.998081
32.503308,32.030450
27.393355,38.727491
32.529155,36.496519
30.802656,27.134787
31.344626,43.288541
29.306890,39.116393
36.565003,40.397325
46.008859,56.896119
24.473708,24.803542
31.708495,37.359728
35.782508,45.482786
45.586276,58.326430
27.964288,26.741781
34.594547,43.621184
29.243020,26.243979
27.528157,45.505140
20.396128,25.962663
27.500432,33.145209
32.374743,38.949095
36.270255,42.777733
28.220101,31.560695
21.563248,31.372652
23.624677,34.103863
40.369587,51.486782
39.604492,50.427661
33.604431,35.905977
15.355606,27.065864
29.552169,39.048154
29.939429,37.896353
35.691434,42.600828
34.512702,36.502322
25.449816,30.849581
29.160195,38.672910
18.165832,15.223384
35.099961,41.644259
30.252113,38.585314
28.921730,30.276260
25.509251,33.164197
25.453189,35.701431
24.035860,30.016261
32.913266,34.524038
31.105307,36.615573
31.259427,40.353131
25.357807,30.396419
31.501458,39.553493
28.007469,31.947962
37.057431,40.136122
13.337848,23.113555
32.415050,52.160449
30.355117,39.990743
25.169519,23.241040
34.720042,42.854203
23.805564,33.934499
24.583260,30.781180
24.040768,28.684749
31.043173,43.581521
22.188463,25.057774
38.213974,49.659037
17.316664,17.821247
26.365600,34.411667
35.864005,46.060921
20.962610,28.413107
37.674906,39.143387
29.579970,33.459739
29.537614,37.830423
41.768203,47.619269
45.047446,46.049435
34.326973,35.131744
22.399230,28.048013
27.396857,22.316732
33.928440,38.704748
29.015969,38.312118
33.900073,36.666202
26.700213,33.019505
38.945501,54.775803
27.029210,29.658609
36.550875,30.064318
26.107728,36.967607
28.673012,40.642613
23.852970,26.282922
29.751665,38.603103
35.699231,45.908534
22.966672,29.832893
25.364430,20.097434
42.955725,50.511717
39.417903,39.774428
20.485165,32.832583
30.449471,37.816162
47.178612,51.199750
18.458612,26.733702
28.926568,34.922056
34.599425,41.314487
36.023018,43.208343
29.642056,35.647681
26.314084,35.277888
20.735179,32.552034
11.046985,15.823345
28.117741,34.161174
26.102917,33.700205
39.535178,46.965668
34.648407,39.302683
27.684894,30.814029
24.174338,32.823252
43.902519,54.066575
39.632389,43.011204
22.519848,23.936375
40.887690,40.213469
41.321511,46.516195
27.631617,32.060913
28.611452,38.320280
35.744244,38.810746
21.778110,22.733056
27.954730,33.727169
30.614036,32.612236
25.590878,41.328322
36.762594,31.339199
25.220759,33.359593
37.744847,42.625265
16.049404,22.932786
41.130990,49.225895
28.715984,38.684480
33.515653,28.134845
26.893941,31.156479
25.361711,40.103498
27.683346,39.297999
41.480645,49.501611
37.550893,45.821555
30.094860,36.433141
18.936921,21.623008
30.184107,28.078244
14.552818,20.892919
30.399029,29.134303
24.516465,26.524402
24.770983,26.668339
26.450403,33.645679
29.663386,33.936059
19.364496,21.780939
29.244826,31.546976
34.321425,38.831423
35.539318,46.615462
41.856838,50.303207
35.034808,44.221466
17.275033,25.214689
37.728972,42.595182
27.227972,39.767485
26.408021,37.076222
32.856874,46.375786
25.233584,37.832886
33.370786,43.051484
25.321127,22.243329
30.508307,29.371199
34.028874,38.143976
23.517759,33.670640
35.066243,38.421062
35.226522,38.404226
36.314647,54.496592
29.608651,39.060969
30.845626,37.326790
21.083659,21.330219
25.216290,38.188901
30.764956,38.946812
24.362811,39.608252
28.065015,34.569106
24.353302,26.246967
39.492057,48.865752
36.621922,43.090527
21.361894,25.725254
31.175571,44.032252
28.628149,34.329928
25.851666,23.543208
27.858811,31.915569
26.400800,35.616662
30.544798,23.974316
29.036568,34.009512
38.829350,34.867293
29.250136,39.016852
23.743839,39.489551
27.920629,36.795507
23.582401,39.264641
27.571293,32.366333
38.369568,50.377874
44.544018,41.022198
32.022359,34.184361
28.610297,31.539173
21.687777,32.754298
33.676530,38.761748
34.263851,35.260257
24.096792,33.243987
25.267411,32.195062
27.112564,33.720621
24.664131,30.376583
26.111861,34.124523
21.710263,24.057627
22.070488,33.114561
27.667274,26.905185
22.562589,30.592415
28.287039,29.438098
30.191212,31.216859
31.223021,31.703849
26.308751,27.607951
44.017662,59.728626
27.937434,27.282248
36.356004,38.219028
22.246058,30.675978
29.185787,39.563415
22.811523,31.541007
28.050448,37.103430
26.478426,31.087829
37.082668,42.804665
43.967420,56.893865
32.458921,34.753200
31.452438,36.503738
29.146155,33.621920
45.582343,55.787221
30.018220,41.717322
27.111179,28.636215
28.355106,35.922282
31.135834,36.678042
28.531788,29.835564
39.259970,28.080070
28.249106,21.937722
34.704696,44.299325
17.195347,18.059897
27.739375,36.568267
26.661466,30.832594
31.917763,47.526637
29.474467,35.885355
33.407995,34.560462
28.861676,39.385350
30.200855,36.222017
29.063338,39.044689
29.073377,30.507629
29.167862,32.531585
22.909147,24.702359
30.825535,31.653375
35.435962,28.404054
35.413845,32.468103
30.020868,34.055039
25.888197,45.792819
30.487356,34.247982
19.808238,24.936984
36.496160,42.134196
29.469974,37.710279
31.587423,44.380547
22.263816,30.034102
46.704552,46.101264
23.378991,28.838595
22.381456,36.920960
29.445066,32.324212
29.921097,33.620629
21.928646,27.253008
24.338649,23.600368
26.957199,37.743116
18.869123,22.351134
15.261434,29.461262
25.719782,34.943631
33.446436,33.169558
32.839822,35.318968
28.451808,33.551410
40.617622,48.025748
29.424060,24.171115
30.175613,40.700419
34.630004,33.745998
34.267303,38.191309
23.421205,24.362504
31.308235,42.174451
33.419502,39.547726
45.335595,49.000038
37.830316,39.258797
30.952011,38.654781
40.323635,38.970288
31.091930,38.854817
21.565068,32.033684
35.855185,39.074783
20.643371,33.693443
34.321246,39.318131
29.165056,31.499253
28.106036,38.742864
25.029242,26.114433
24.687097,28.348818
31.280806,48.130114
28.583601,31.835180
43.478561,42.861472
24.519948,42.852792
32.380695,43.454059
34.250782,33.141231
25.855589,29.579283
35.961893,37.545190
34.494753,30.229816
16.045630,21.054174
31.541899,52.227568
41.452078,42.913793
32.697880,34.756354
32.949853,32.001921
23.057752,22.629672
37.607443,46.226582
31.223799,44.812687
39.433510,38.962196
27.986863,27.558851
27.903027,36.639820
31.135423,37.498949
34.874022,40.095899
29.178230,28.211187
33.479450,38.653357
22.517314,30.315341
11.449968,20.822655
29.567245,28.450478
31.292515,41.392040
32.569134,39.772386
39.656458,55.009265
22.930133,29.444659
29.428375,29.880120
26.281559,33.547598
22.720603,31.571276
38.080600,38.240385
26.114354,29.512635
37.612604,31.692751
35.303215,40.158908
27.279878,24.855661
28.213939,22.450899
32.920198,37.167977
38.107899,39.702519
20.629142,29.255558
35.613542,31.074629
38.524809,47.693528
35.323383,34.474406
24.061291,29.574087
31.651870,34.192452
45.062148,60.417238
31.560762,32.318438
28.355798,22.670670
42.667552,39.104879
33.683587,36.808939
40.859044,27.092490
35.108148,44.120138
37.227775,44.419870
13.788360,27.721660
25.191009,26.019074
34.822530,29.490327
27.762206,29.190302
35.925081,46.046170
24.847176,28.995694
28.341935,29.990385
28.239235,23.568238
25.778329,24.454200
42.836370,62.617309
30.770682,39.959412
36.914297,52.065971
43.909347,55.952578
27.185190,24.730392
27.195280,34.883865
37.273809,40.819904
42.655324,49.370619
29.983453,34.214852
42.935561,36.188417
21.684442,32.821223
28.978912,41.218132
26.521945,34.888544
26.521507,24.156250
28.478570,32.290740
32.370251,40.014725
30.830676,33.868287
28.144091,43.526675
26.694301,25.834953
42.211628,47.181315
28.201643,38.383212
19.316214,27.792178
32.272278,31.582509
29.811161,38.937318
31.190321,33.212240
18.773838,26.003560
30.530498,33.194066
27.400001,44.867992
34.710365,27.111282
45.286520,48.024542
28.122022,31.594707
34.024637,48.351578
25.316055,22.574346
24.731716,30.058091
26.332533,22.286422
29.662105,32.191493
38.386655,49.913851
14.912242,22.080645
28.428136,42.252012
20.010071,33.613866
32.336370,31.953420
36.449253,44.702074
22.718111,28.357938
20.598158,30.942843
32.541671,41.544972
32.993320,31.811406
38.442604,50.435282
21.069819,27.659047
31.408845,37.891157
27.957247,35.931808
25.226418,29.654476
43.817412,52.772857
25.027092,35.380130
31.766491,43.698553
28.221469,38.518665
20.783540,29.494287
39.368711,45.602861
33.765543,31.772981
20.259021,28.401096
20.887619,29.864556
20.294192,31.044535
28.476376,39.086562
40.526605,45.116525
32.912482,31.234998
26.212515,30.218320
43.019772,59.595756
18.630233,34.097366
31.207160,44.288434
31.059960,38.233898
28.500978,38.463939
31.165225,35.874618
16.689135,21.048077
24.831480,28.714021
29.248758,34.532205
28.270365,40.779088
34.764730,44.223339
41.116067,39.419543
40.394119,39.765624
31.807112,29.956904
28.353448,33.842556
25.514258,28.139115
30.188515,40.216667
21.372538,30.872901
41.086140,43.929535
26.644204,26.450455
23.130649,35.327193
38.063871,34.794433
13.097593,21.337207
20.733991,26.708453
37.157030,36.491900
30.684355,37.587039
25.869892,33.871252
22.975227,33.640177
38.417709,37.992662
33.147813,33.200672
22.966019,28.105127
28.394940,28.818444
36.007869,39.501945
29.147393,30.248667
26.790361,39.950286
28.900869,29.722154
33.272870,46.761796
22.690783,28.816482
35.811217,45.824305
31.908071,39.038214
25.437289,34.316377
11.909294,25.975516
28.356770,24.974204
21.544807,27.956907
32.605268,33.286318
32.376981,32.456873
28.831517,42.717296
46.703653,42.175178
31.110680,30.363616
28.173299,28.892283
29.054977,35.390980
16.269643,16.671031
35.945133,42.107974
27.423694,37.106560
33.252812,34.634857
33.889441,42.868081
24.667034,34.781454
26.271466,35.631399
40.199560,38.694439
27.553365,27.669761
24.591809,37.138600
34.723532,45.675326
23.139390,33.206566
26.225920,26.149731
40.988347,44.873621
39.017409,51.442285
19.169347,33.353415
33.538995,32.496747
31.890027,38.863790
31.220477,38.340416
43.164848,54.895676
37.880419,40.405270
26.136353,33.884053
27.510748,23.569470
33.236903,34.889493
30.372172,36.925188
29.394222,29.839912
34.601486,46.059555
38.832139,50.045867
38.219490,36.809202
42.251916,46.418609
34.254682,41.303031
30.232925,37.691971
34.481285,37.890175
31.157142,35.756160
30.821830,35.197542
25.842399,36.568997
22.110271,30.693664
28.852156,40.211805
29.746232,33.711689
29.604563,29.675460
29.313655,31.877196
21.598762,23.641005
32.063344,42.780297
31.837598,38.965292
34.452723,43.904658
27.646047,37.941466
31.263397,43.162030
22.194087,19.760707
39.594146,45.219874
36.532894,46.486606
40.713094,41.281289
33.676218,45.952270
22.044107,29.824612
25.885886,31.681207
39.234902,23.948015
24.764624,31.304732
34.504108,45.755396
30.365541,39.824916
26.692444,35.714388
41.054739,39.113520
36.300464,50.303939
38.155858,52.779257
26.247516,38.114469
27.031567,32.986606
35.400904,43.411420
26.785229,24.481087
33.321116,36.535664
22.383082,28.112091
34.308550,50.122603
27.638519,28.087743
41.269314,65.121639
42.734421,44.162441
41.837967,41.059135
33.191552,39.275447
37.543375,41.906205
27.081451,34.495847
24.484370,37.013310
21.030158,26.818149
17.247540,18.957038
19.220884,22.884067
30.982852,42.710953
29.441757,42.319661
22.484749,28.190204
21.046770,28.916185
40.639551,45.200557
35.863813,35.956332
25.919199,42.837712
16.919571,25.811552
27.919053,43.928676
31.841318,41.972933
27.399402,27.376049
30.449903,36.110747
30.089917,37.068658
39.595263,49.007640
25.374774,23.990165
18.773001,23.493507
36.098436,42.119155
32.950900,35.415970
26.952651,27.960455
25.561599,30.924020
20.033432,34.549838
31.242033,32.176604
40.454700,46.450090
30.649364,35.350236
37.488023,36.251307
14.918514,23.569633
21.130848,25.499028
41.351560,43.705567
30.257262,35.504346
35.697375,44.377013
44.976128,45.849487
28.044102,33.640461
16.607323,22.430347
35.645067,45.902073
31.173190,44.856879
38.814844,44.881557
28.033512,34.583879
28.568206,32.328748
19.580058,24.952983
24.131927,27.935895
24.981752,30.897019
17.113933,12.329232
38.276650,47.613829
28.984597,23.916542
32.729603,30.907973
42.033153,47.964838
31.723772,37.564355
24.352395,27.837721
33.180444,39.302383
21.801650,24.873977
38.707312,42.932534
34.392426,31.311528
33.423228,37.923077
31.343447,31.550919
22.598147,34.217237
11.062736,21.562499
28.465593,35.183003
34.623319,41.576118
33.650785,32.575061
37.753697,40.055575
18.463103,33.743107
21.722446,26.823138
34.689076,44.259449
31.928607,35.691900
37.178121,40.743757
37.808528,45.173732
25.031943,27.401784
32.175979,32.835258
28.451045,34.666519
34.347986,38.070409
30.520878,28.387346
31.047165,37.875185
35.479219,36.383930
26.916255,27.809426
38.499202,40.603775
31.522209,36.357045
29.674193,43.924364
39.450384,59.724633
20.169404,30.986046
37.923837,40.218222
35.166480,47.073948
32.616775,38.576576
32.860367,42.246848
27.776340,31.150999
26.928221,33.283795
35.841057,36.355476
31.804883,39.303646
29.892419,33.036507
70.479866,80.006418
61.039234,56.880274
75.570221,79.604346
71.492575,83.334872
76.014059,83.350337
59.541413,82.235042
70.742510,73.783760
65.799212,57.947644
64.714353,72.474759
73.965719,77.062706
66.039082,80.237420
55.668593,57.700394
67.979690,75.280118
70.978409,67.855936
78.270898,79.047529
63.530569,68.142231
72.150969,62.110572
59.285871,67.041381
82.312049,82.731445
71.318712,75.397176
77.552703,73.843952
62.674929,78.997433
75.920850,88.244597
68.854481,77.219255
56.822163,55.533999
60.215564,54.988636
48.167740,42.489704
81.179264,87.189514
63.567602,63.292453
64.180411,74.581614
76.251966,63.090833
70.769851,74.775786
63.046899,72.830272
66.894678,75.613885
93.208212,77.352405
71.269885,69.726590
65.072299,59.723573
79.769624,91.586491
74.758382,65.301402
65.463017,66.509459
64.233621,62.975049
77.017975,76.626842
79.095750,75.072316
58.925516,52.157667
60.380274,65.669177
61.742076,55.080586
73.005989,76.804033
53.072408,47.607641
60.322180,72.068282
71.343900,84.394429
79.990721,69.832487
74.223453,68.377980
65.201447,74.266701
78.044599,80.587162
74.969029,70.109549
69.375978,79.655254
65.863902,75.343924
85.153476,73.596878
56.606314,51.891962
76.141137,90.912531
63.620004,56.505943
76.685718,69.828789
66.038591,62.356969
77.028550,75.980657
64.343130,58.259528
62.193168,55.821733
72.978555,72.488723
66.695479,77.309026
65.867926,61.819807
63.101468,63.860085
70.941216,62.152366
63.937490,70.579334
73.448268,72.899382
58.400793,69.368053
62.613304,70.490423
66.066286,65.209432
79.953453,72.965500
60.182602,66.412460
73.164676,64.694725
72.834656,76.752094
81.843099,82.122891
65.231652,62.645869
71.194415,67.558053
76.041774,71.820102
77.496744,76.082460
66.476571,53.504093
76.661654,70.454614
74.877340,83.732214
59.967449,71.293590
63.331696,69.678353
65.164724,56.911660
81.202299,79.995781
70.675023,77.160748
70.471277,73.156943
68.797509,75.188121
67.462118,65.698505
58.873267,48.224635
63.566980,71.758717
68.355555,77.470754
64.626874,59.097633
60.245566,71.261186
64.246182,68.827264
72.882254,70.052627
68.345868,69.522788
60.910218,59.675959
74.344419,71.792568
69.269502,78.802510
72.487094,65.345808
77.406332,75.980701
67.047181,65.143411
74.505220,83.642213
75.470991,79.179015
74.936944,85.145907
60.848142,62.007972
76.082572,87.748917
74.662784,65.975357
78.767519,86.217224
75.270146,68.635389
82.686184,76.884243
81.460141,86.592675
85.624079,81.643629
69.251463,57.773161
70.916153,80.463456
63.960361,67.901474
62.639976,65.387836
81.853576,83.507008
74.151046,84.756545
70.954656,84.479094
77.666672,79.298573
79.654127,83.743035
80.313536,88.124627
72.659868,68.277861
72.849788,77.466219
71.516270,72.329907
62.312053,65.614311
62.872992,66.892780
63.579738,67.998305
70.046438,63.671924
75.007786,66.552708
74.653149,87.547752
72.877235,65.582649
67.741323,74.546395
68.683397,70.358176
59.279558,66.706044
68.103719,65.752018
66.054960,71.605383
87.808455,102.070979
76.861871,69.581505
59.462911,61.317941
80.616287,78.762532
61.055251,63.548904
67.473783,68.957573
71.416541,81.898199
67.657494,56.045621
57.342269,54.521428
73.590265,74.376496
68.083178,68.290380
84.614362,83.269445
62.816276,57.845955
66.276177,55.958401
81.685454,88.255385
81.614221,65.371479
77.850808,73.639423
84.096191,85.664533
65.985671,66.390553
82.507741,83.885763
76.018508,79.668960
64.231254,71.371761
85.609501,90.049905
63.417593,70.277322
90.982806,93.199535
67.235516,69.788538
67.011455,57.488788
60.059449,53.491655
74.002993,64.629803
70.201072,64.355106
70.910676,91.556066
71.961995,74.173560
70.578117,75.833297
75.649270,77.236937
76.121670,77.374828
79.912636,63.981554
64.006998,65.581446
64.380005,70.633523
58.407927,57.959302
63.506973,63.867723
70.776002,76.119961
74.261767,64.057103
70.053429,78.359480
61.419384,58.545201
73.646159,72.966364
75.994209,77.617512
52.735694,51.552054
57.831417,61.260454
74.876696,58.870340
80.639560,66.714281
68.170234,56.403593
61.671237,54.762140
74.249202,69.780722
59.254370,68.501966
68.663222,73.831295
63.259486,69.981485
56.915417,60.501045
65.079846,53.282198
62.914468,53.907816
67.233436,65.318460
71.011955,75.573579
69.868593,64.992832
73.783252,81.853101
64.675355,86.328675
78.068259,83.203391
71.823613,69.986502
80.807138,88.737769
60.433688,58.782475
71.772191,61.728519
89.952770,89.630136
75.067936,80.377574
65.858956,74.683719
62.468580,49.398662
69.898262,63.827278
79.583125,80.614879
66.962120,65.215150
71.844299,62.764337
53.582736,46.221527
70.629824,52.904104
65.644126,65.083125
73.340522,64.149328
76.570133,75.446450
53.036117,50.800999
65.701925,67.250089
74.567478,76.951600
57.594575,61.249184
65.922000,69.020866
88.143087,82.982013
48.039001,46.327915
77.989464,75.665933
69.225200,67.253868
61.136671,74.560697
67.408741,74.487731
91.504855,92.780673
72.041600,71.020132
82.848977,75.970264
65.436510,62.483296
51.362633,66.783333
66.767083,74.406598
61.206091,61.661898
60.347409,65.128101
66.014462,65.099732
61.894677,59.946079
61.878549,62.299260
65.340237,70.128481
64.549542,65.708701
66.360356,61.654753
49.843900,43.274782
68.071578,66.971592
68.891235,74.574348
74.804245,75.326377
85.707993,81.912573
81.656061,89.577747
81.059439,81.621044
65.844529,64.124054
64.413880,67.080660
74.402942,81.786725
60.026923,67.265342
67.310645,65.537772
74.958604,86.821237
74.826239,92.159433
71.501241,70.640348
75.790357,83.783601
78.261526,85.480236
85.871005,80.342848
84.489781,78.098229
68.817893,65.429095
71.733896,73.044185
65.689032,70.832185
69.744850,70.182510
70.241820,74.808811
62.606997,61.602527
90.862824,91.362624
93.957258,89.498286
69.134869,76.392630
75.553940,79.217682
63.595333,64.108778
58.371290,54.094344
69.646356,69.797998
65.818828,61.573953
74.321208,65.949378
69.678748,71.108011
75.283896,70.188911
70.548842,63.332819
75.720148,85.097712
68.763081,60.897150
67.634408,76.189105
73.052606,77.005776
85.721712,84.854392
70.071301,75.363722
73.067361,83.864262
74.484006,73.408446
63.450200,62.443629
71.676979,73.597800
69.415825,79.471074
49.428837,61.655790
65.599784,63.656357
71.935477,68.436644
59.226844,61.694710
68.106710,70.379246
73.547448,74.242248
79.840043,82.529705
72.784745,80.037319
71.723580,73.186168
55.649965,54.579521
75.785230,85.578710
66.034226,67.996641
64.106659,61.385524
69.553917,75.038761
63.093520,61.022556
65.485974,72.332774
79.765602,75.527987
66.861731,56.828052
64.452619,56.596973
70.515395,68.476246
72.235274,66.795576
60.126592,62.017094
68.520040,70.348243
63.947231,70.248281
69.589521,89.230022
63.173727,72.371272
76.650825,78.725177
69.317065,78.630619
53.370519,51.358861
64.684150,55.164021
73.318240,77.182441
64.133096,69.180273
70.568605,62.174270
55.911594,38.248411
58.615588,49.679246
74.174052,63.150177
73.171618,80.474566
62.501369,67.352815
60.336872,59.200550
85.684329,102.733746
67.710709,75.906757
75.588485,72.588360
66.850427,69.977684
73.324034,79.605778
59.154785,64.905991
66.397836,64.062018
48.855505,56.712518
74.592660,81.961697
72.365619,65.109362
72.735940,83.054065
59.271942,62.906822
57.209986,63.045488
91.993623,86.893837
83.087545,77.709393
72.250431,71.155506
75.270048,97.209532
65.398220,59.537947
77.850293,88.329206
63.092166,65.553410
73.929217,69.510082
70.508530,79.718597
66.453506,72.636250
79.215391,74.272276
65.456669,69.602701
54.084240,58.189178
59.249111,57.650980
70.854704,62.043679
65.761145,67.573964
63.037972,68.380628
70.080092,72.898968
77.324086,75.519220
77.529917,70.974958
57.857261,60.295719
80.362047,97.534891
70.704159,59.664066
75.518208,83.906648
74.602982,81.520205
72.155702,88.014885
59.075279,66.428863
76.577499,70.900848
68.966353,72.005610
66.867626,55.943613
89.885692,85.712844
70.027502,65.369440
60.411779,64.022028
54.499236,65.307511
58.827784,64.978464
67.992483,79.044276
68.511914,74.561658
61.422666,68.615779
70.280896,71.978671
64.232968,61.082227
67.309270,63.147513
79.877859,68.255438
54.173504,51.259289
68.171832,80.308277
70.261384,73.854264
72.487465,52.874023
72.935854,82.860231
72.170699,69.543825
76.214796,75.332157
83.518995,96.242637
65.422741,69.350518
66.859145,62.125735
69.943428,66.001882
74.052419,70.007983
76.578285,65.618716
68.291582,77.432518
76.367541,67.748359
79.726593,92.723935
82.652094,82.894279
86.277683,85.038660
71.155615,75.723945
61.139125,53.808553
72.878500,74.593744
55.644059,59.081037
75.505380,85.147806
70.387741,71.795837
77.406762,67.682989
68.955310,61.272241
60.431937,54.514049
59.260966,65.238535
72.563598,85.223850
68.034990,73.732703
70.922335,66.906104
60.908875,51.091837
64.602448,56.621250
72.130542,56.940261
63.812255,56.910236
78.088840,87.409464
68.530128,69.369260
60.330086,62.380002
61.445873,68.783194
70.361356,60.413201
64.350271,66.991143
90.474070,97.860704
76.942839,74.632472
70.371387,68.262352
60.670333,72.746371
63.547990,57.053910
60.076015,66.464797
60.841272,75.214096
71.217906,67.743212
69.253190,78.207255
64.133142,59.906570
67.227082,59.368384
78.864069,67.470966
71.272171,66.939426
72.514359,73.498124
65.660056,67.419541
74.138484,60.866539
75.481630,79.547668
73.242361,86.050916
59.669252,47.573249
69.088878,68.767501
76.739943,79.591619
78.783284,77.315403
87.594140,75.639753
70.726003,64.915277
56.753605,42.362711
52.064362,58.394118
67.452996,68.523992
51.834466,52.285585
80.626133,98.461447
66.128668,70.121556
61.419036,62.269164
59.825848,74.837884
68.290592,68.255389
81.227733,78.305490
74.997004,74.490510
69.345574,84.060155
64.715345,73.661815
70.252358,70.622358
66.348055,64.402043
85.099149,76.338262
77.229597,68.480353
75.550136,91.154419
71.032442,71.446575
74.936069,76.681141
76.798340,78.888250
62.577770,60.763863
80.923241,78.821426
68.507002,62.954049
68.841234,58.931977
73.505428,78.824961
75.140672,66.948995
59.064904,64.288191
60.322388,54.204156
62.561070,67.161068
77.320983,72.637502
79.413081,75.068614
82.523314,93.353769
79.163268,89.731299
77.649795,67.078284
81.397519,70.549800
72.486983,76.597956
67.249006,74.745964
60.656757,66.784613
70.793404,72.613221
73.208362,74.491137
64.906387,60.724695
68.992410,79.415472
75.171948,91.278980
86.707382,88.803045
71.233045,71.045043
67.307914,76.475045
79.786268,87.945587
68.731237,74.473558
72.893668,74.821020
66.110805,62.015215
81.185935,84.126766
66.502893,80.167604
65.345979,61.479227
68.787217,67.278446
68.064456,79.263478
77.600663,83.220266
75.743187,86.674165
77.501909,84.863056
79.945362,77.819702
52.752226,54.598957
72.170657,64.682466
75.295042,79.825677
50.120360,55.787072
67.399018,60.292641
78.162861,96.864024
78.321435,69.174298
64.748023,57.961150
64.081704,63.649405
64.109114,63.927659
74.552620,78.120239
55.487964,56.373322
72.931792,60.272010
66.631447,71.218533
70.831347,64.589428
85.056264,61.512975
64.213451,62.433834
68.586107,57.728319
56.982984,54.801487
75.355653,71.854497
76.282458,79.898785
65.519883,63.533957
62.798446,60.442562
59.774010,57.142592
55.972072,56.631682
83.310809,75.415747
79.595122,79.228801
67.637781,45.436786
69.079983,59.244903
57.320412,65.100274
66.587873,86.236678
60.413889,67.056001
57.559312,56.150123
80.063333,91.036470
68.997609,67.815888
75.886307,75.348839
81.691160,86.890195
72.365134,66.252295
77.618371,75.960822
82.217966,79.577973
63.353662,68.528226
57.828997,56.854594
66.371110,70.838611
71.431074,73.810281
72.164135,74.898694
77.394628,63.158936
46.795955,56.697599
71.353284,70.326628
60.556637,63.630445
66.686952,67.334083
67.227987,69.425996
61.861696,56.960410
73.649729,81.127750
62.442361,60.672268
71.412286,60.408031
77.106285,71.217896
73.263523,87.820615
68.252311,77.876617
65.628121,56.782558
88.444123,88.913133
60.036683,59.386460
72.470539,70.096788
66.880855,73.877651
52.853763,49.517054
66.903845,71.757773
74.670150,70.152729
70.098424,76.648695
71.993783,71.825001
76.088319,83.280613
73.568011,80.009730
60.030330,57.901485
53.120842,50.998686
78.577117,69.257445
72.108204,55.271913
77.125766,75.203565
69.877418,64.656552
69.134617,66.201582
81.749238,81.715812
73.464777,80.820564
73.603805,84.918723
64.554787,75.856371
66.890306,50.561508
77.228291,65.344528
66.169496,58.618641
67.881343,75.437929
65.658557,65.312097
72.269737,81.426721
79.646664,94.850530
60.910785,62.820098
69.221350,78.578411
91.988591,91.869261
61.830010,68.268055
40.130231,38.503879
69.450285,75.163725
74.939873,72.911714
62.486529,55.664841
68.414041,77.772688
76.450144,69.432770
66.919929,54.333921
68.309940,65.071998
82.137059,98.362264
83.770605,89.466305
78.773347,67.634205
73.368673,83.448910
56.216449,62.363111
62.469069,55.623041
79.137453,76.613498
73.902864,73.166202
66.754001,71.958393
59.722233,51.095839
65.743880,70.337820
65.358375,55.515327
76.973019,72.953679
61.592075,64.644823
72.669466,69.598593
70.259591,78.310249
60.490425,59.192501
63.862128,49.934265
63.579572,69.995281
85.250701,83.908264
72.658491,63.547933
53.467737,58.403184
77.905696,78.023736
65.587797,66.597781
71.161193,73.361958
66.499732,64.335974
65.599242,66.930207
87.800241,95.924880
70.371930,72.666896
66.242153,72.068880
63.576322,60.004934
72.164461,71.719329
70.834301,70.643133
51.722714,51.697429
71.363005,78.480304
67.693027,77.102708
64.020032,68.698287
86.890491,86.782097
70.861448,74.435387
61.924172,59.342774
74.135423,59.735768
80.882347,77.775257
74.824852,75.881615
73.826482,66.081096
61.232288,52.598864
78.324214,74.176085
66.361464,89.602082
74.376286,79.954345
60.934575,47.651382
77.156731,81.894503
84.613958,87.511272
71.716402,85.286529
78.794207,85.154450
65.932548,70.988017
55.623113,49.281468
71.255739,75.842211
65.357915,70.846147
70.781267,70.675010
74.140716,67.217771
63.681946,59.074931
62.094695,56.449173
69.723810,49.098493
83.732008,85.801228
63.460218,63.513596
67.494450,56.676818
67.599558,49.945962
73.971413,81.006887
77.277121,69.229787
69.393051,68.584002
67.351700,67.328893
66.510242,63.253178
77.590942,86.574629
77.477900,86.430965
73.961313,62.251732
65.410843,63.220408
70.219024,69.019529
65.724976,69.366256
60.876839,64.299617
74.409642,66.430934
62.257067,60.776112
75.347847,89.015569
80.409809,78.273242
51.840022,55.538532
71.891521,71.532384
68.573297,65.506884
70.873911,64.845300
66.494429,64.230334
71.751770,74.015840
85.690876,75.560976
68.562026,67.999824
72.376204,80.293072
66.034853,75.300217
66.661122,71.759609
65.408237,66.429054
61.897447,63.854765
70.511420,87.460362
82.850781,72.432995
81.931982,97.351513
71.149451,67.837362
82.994254,75.722998
82.392257,87.967977
72.261509,75.085953
69.030504,79.684631
72.256680,74.473176
59.099634,64.350378
72.514502,75.796447
71.606311,75.705213
64.431102,69.551212
67.231727,79.077982
66.968702,76.757083
84.660017,93.021670
63.326176,68.832197
74.422738,82.289655
78.859341,79.109454
73.131717,75.446602
71.392554,79.967272
88.486208,92.828500
64.114189,53.814977
66.122088,65.694109
51.974526,58.642619
53.060203,46.570669
65.748207,76.742484
55.739357,61.717164
79.355824,92.467503
76.452351,69.674787
82.480944,80.245739
63.046262,70.281023
66.771202,65.459465
68.646004,54.155183
73.269188,88.906714
66.591803,70.239897
72.239831,65.307142
78.436944,74.055296
76.524203,82.663267
69.098093,76.128749
87.778254,90.342978
76.812605,72.369346
64.069229,75.300818
70.908059,79.600425
53.485813,52.679300
81.933239,78.930820
72.133051,62.779037
80.395193,88.481707
74.433206,84.319259
75.049724,70.101320
80.029069,75.893527
87.122667,86.805581
61.568072,56.107744
66.391105,70.518152
67.079755,66.244832
86.040251,78.793352
72.528771,69.977939
62.611107,66.944169
82.085587,79.125071
65.782149,69.580849
83.795587,81.151488
64.100134,74.973709
74.286473,79.431210
73.365264,75.831240
76.461147,71.697865
75.375863,63.807686
78.655840,77.155431
67.194658,67.666488
72.746340,57.781141
73.619125,58.775987
71.207905,66.786492
71.263265,76.118034
63.591251,72.808002
61.040803,50.121464
62.744977,57.057077
82.374158,84.661037
67.114267,57.991832
79.429645,85.015874
71.332477,58.699764
76.470698,69.748908
64.605424,64.869167
78.086145,78.199886
75.388968,75.022958
74.793380,70.596670
57.997557,55.030432
70.609110,65.413473
69.195156,76.152204
63.649429,67.070969
87.878456,72.630623
72.660619,82.011611
69.324352,68.408036
75.100084,64.029923
62.128734,66.533144
63.121728,57.214812
83.128010,80.853332
72.703222,71.688887
78.197635,81.092677
88.216947,90.771028
70.444707,56.502681
76.685762,72.155637
81.391720,68.197866
71.534098,77.856014
72.416943,60.476606
76.817332,79.230535
80.862651,93.602897
79.894870,90.833231
74.964424,56.765168
72.045327,71.384269
76.668611,72.818246
76.622049,64.487684
62.370133,69.022591
77.876907,68.387544
71.289003,72.015936
69.305747,75.518053
70.701525,75.864428
69.958760,75.999650
67.893114,82.534603
63.403680,62.587807
71.783635,67.604772
70.561005,83.409599
86.181622,79.366060
58.130800,55.498271
75.161483,87.876240
83.482090,88.684022
67.909436,69.133835
85.410931,81.547314
72.038358,63.529324
55.292657,47.917359
70.431481,72.755484
70.540963,75.052215
64.272811,70.940704
84.046953,74.199326
71.546508,60.243299
68.861593,65.881636
74.253289,70.320487
47.514997,50.700674
56.564598,43.685509
59.780917,63.666281
65.433175,62.197121
73.180208,64.935395
75.950307,68.383769
70.434103,67.054019
74.278893,70.368961
78.316288,87.231850
77.555410,58.036505
63.361956,60.387720
60.873579,60.432973
60.713442,54.335720
65.904827,62.202217
66.997607,65.995100
65.888589,58.957138
60.339148,56.693385
70.353438,76.810572
64.661424,59.613639
74.115720,81.858434
67.066438,73.791114
82.381436,81.368720
79.080908,63.916270
74.261392,86.722073
74.303693,60.742716
63.105860,65.581480
69.187050,71.142411
51.656965,52.897791
74.191690,66.781872
79.799882,81.613566
64.480652,51.638984
63.892489,57.189989
64.834567,67.698299
61.085578,53.793733
87.294491,74.503256
63.600149,70.521660
58.344087,56.383939
73.840350,67.006891
68.184893,75.893561
79.875303,69.189169
81.070805,96.137637
77.503609,75.024879
72.646169,70.594853
75.572071,54.215696
70.488430,69.321655
53.835498,65.933535
79.818552,78.046651
83.555070,84.019114
84.203926,90.483940
87.263812,74.518881
66.107284,54.974181
76.587141,59.522536
52.484616,44.963709
84.482928,83.084351
73.112113,67.989603
73.893980,75.314141
76.223238,69.765182
68.953388,66.987649
55.592183,68.291518
72.447770,75.926919
80.707889,94.159973
64.112427,67.875361
74.577297,69.948597
86.305288,77.828650
73.631252,70.129364
57.072627,47.027279
72.087351,68.838872
68.593388,56.710522
65.511316,51.329208
68.795545,70.420781
80.296578,80.706601
80.259734,84.420882
55.081574,58.669048
67.116416,45.775768
64.288359,60.162857
67.659711,55.898844
67.136750,70.293488
67.958889,63.130925
73.902596,73.317250
74.320926,73.423275
65.316285,65.728443
65.283356,74.414769
52.850923,41.096847
70.280289,71.174252
72.372115,79.637492
81.465869,75.203081
70.092446,59.353297
79.646521,79.431169
63.250770,58.489746
66.265417,62.773228
60.754101,76.970173
69.370601,63.145535
82.058070,82.959131
68.955436,75.053091
77.129352,85.231612
57.250279,57.869935
63.933088,56.586559
74.152412,78.836167
60.661923,58.819771
68.677482,65.846290
72.554795,74.870040
76.194708,71.998894
71.793165,85.631260
64.311809,71.136380
85.891963,76.213207
65.700363,65.529861
65.742663,67.441468
63.092907,55.180035
70.185415,70.356651
59.103043,60.274602
63.831911,65.482971
62.279362,61.086137
66.522576,68.315860
75.723207,73.016974
65.953641,74.771411
68.651318,74.787188
70.670150,58.881573
60.747221,61.660667
55.580612,59.287337
74.181229,76.411311
73.173104,68.323894
75.418916,72.811117
74.488910,67.543129
63.113933,72.563949
68.582564,74.390132
59.558553,72.106551
79.912620,57.501342
70.650378,63.399917
66.121599,70.161409
70.072387,68.980687
75.730148,74.002928
61.330621,71.229258
78.443344,87.468587
83.098475,87.245024
69.996173,65.328014
59.427553,65.239622
54.856278,68.106128
69.913396,82.985121
60.122265,51.507058
73.155649,75.443010
53.389538,49.147211
72.411260,65.418631
61.987410,83.430618
53.021360,56.643502
78.605123,85.868691
81.560534,89.731616
73.002996,76.856866
65.791000,66.959612
56.189985,49.408866
78.025064,86.833932
62.150742,62.304106
55.205290,63.268798
57.350949,55.007008
75.447225,71.040300
77.348596,67.783947
76.860930,82.711949
61.933742,64.302326
76.912928,71.666168
65.561746,74.986745
64.803318,63.093830
82.961578,89.383733
65.254423,69.987110
70.692166,81.057872
75.339705,78.183872
62.466993,60.176131
62.323111,65.067571
67.822001,61.054490
75.947620,88.532581
63.080512,70.733418
63.884839,63.090997
59.951250,65.829328
75.472318,70.402591
60.454889,76.086100
60.787927,58.945906
74.885639,72.049778
64.274065,50.700427
86.162697,89.237432
71.958766,57.915413
79.808900,80.466880
71.177563,75.720387
62.810340,60.556210
75.482604,83.937460
75.210268,76.925794
79.904686,82.574345
52.027317,57.318031
58.333916,53.965891
63.328726,49.284411
62.274494,60.363932
74.736113,73.591047
71.254244,86.482494
66.255033,67.621615
65.565852,67.821611
67.061934,64.228070
68.850707,79.659716
81.746844,86.366698
73.239872,67.480457
75.979705,75.993960
67.373245,76.999973
75.025185,74.885684
70.948702,56.359889
70.443470,80.611798
81.376836,81.705658
65.422901,65.619854
65.326926,78.232486
59.880785,57.355843
68.720535,58.393407
65.041952,66.982325
68.160131,76.873439
80.212465,73.814420
69.426467,62.477368
74.865037,58.317839
69.965153,81.995296
59.873344,68.004564
73.285592,74.385314
52.468746,57.986622
67.133675,75.841424
78.660726,79.897916
69.416292,62.543402
77.247801,73.827784
71.476088,75.847565
68.471352,81.202985
53.248778,64.021973
60.971670,73.544189
69.026514,65.154065
75.891641,77.333396
62.143279,69.697093
66.932145,57.937909
57.428963,59.861840
95.041154,102.378438
75.286099,79.382326
81.880110,92.648428
76.991068,72.884961
69.373659,85.070771
77.651707,72.842000
69.284356,85.292512
78.677495,66.776113
60.046108,57.213209
63.883591,74.612309
74.449228,63.026329
65.281476,64.064561
68.044540,58.552287
67.021169,57.479191
82.788390,82.341733
84.895534,94.060780
77.086035,73.559243
64.475709,71.011778
59.991062,72.119320
71.420773,61.649992
70.020741,66.774360
69.151323,53.298946
74.456715,64.196296
78.438096,73.473333
74.513104,57.897852
76.417901,72.920507
64.309209,69.850565
68.897453,65.609381
61.592544,63.815299
59.272140,65.832670
55.197934,61.672833
57.154476,59.495599
69.461935,70.679447
64.430480,68.507185
60.932624,73.610839
61.959271,78.528571
63.819841,47.379832
72.731411,85.808314
73.754669,80.339406
80.454645,62.891065
60.494206,55.514115
60.208457,65.474948
63.551452,67.175370
73.589861,92.178195
68.186021,60.236975
74.407844,66.089392
70.991278,65.269590
68.434308,54.168215
57.514828,70.217566
68.563557,69.633800
64.953158,72.610591
73.437297,79.752659
72.330438,82.687150
78.090275,76.821600
64.069682,79.193962
75.945927,84.818560
65.124068,75.842353
66.690071,64.399109
68.813918,62.392772
74.420761,73.815898
71.328852,64.003975
74.705288,73.064754
53.294401,63.236857
68.964982,64.160909
74.120795,69.600950
54.528825,63.929663
77.279080,87.490602
58.348269,72.186324
70.459134,79.491650
69.524128,60.840597
59.642507,60.269084
80.218496,80.083431
73.654025,84.477147
73.457556,78.732387
61.633249,71.449459
73.614603,67.722613
82.003221,85.043536
80.408972,83.185901
74.173724,62.681987
73.794544,64.062828
56.488928,62.015458
67.128610,69.120610
55.882829,48.094084
71.713437,63.021522
74.393893,66.699707
62.002847,70.102896
58.990072,65.868206
74.370062,65.575984
68.772873,65.250294
69.126205,83.325355
64.582686,78.061538
65.256531,59.039392
67.848591,52.075379
58.354070,68.507053
65.184849,70.632138
52.241921,52.174739
58.932379,66.497679
70.304273,70.553572
61.176102,59.443353
73.245245,74.174969
77.052383,86.678455
69.065735,78.133197
67.543028,66.722543
73.298912,66.967209
80.615740,85.116695
60.156753,69.901329
74.131473,73.956568
76.053188,67.810919
69.432323,66.031668
64.101760,78.580351
67.034203,71.865744
56.208304,65.698942
74.604531,89.274466
62.644241,59.884563
70.300888,64.909235
73.622702,63.879140
61.315764,57.043225
79.641378,86.258006
69.370257,61.329891
71.091019,87.948763
66.387521,74.240138
73.592913,82.245325
72.998238,80.120172
71.933448,66.976052
75.920457,76.138506
67.884744,61.691489
62.279274,69.403502
90.538098,85.036242
85.450812,74.891299
65.531644,72.109941
67.338190,73.976244
58.585115,72.825305
75.244614,92.543161
69.272627,64.860940
75.564858,70.984138
85.146699,84.014974
73.345738,77.641258
67.048756,70.605990
62.655054,60.373111
78.298743,89.049813
72.432466,71.808881
57.518091,64.268360
70.293774,63.996290
84.880742,78.170266
89.564942,71.829912
70.381994,74.056230
70.291732,89.071600
65.481466,60.828804
69.706030,67.139460
49.038917,43.640404
70.201296,60.136351
74.574577,74.277926
69.216219,66.742766
79.453187,95.963366
70.487322,68.782759
81.531082,91.596342
74.019581,74.896125
50.830560,56.150257
64.711618,69.443128
78.743517,69.420257
55.760862,65.435814
77.057237,81.527757
73.990942,84.293685
69.404226,67.836473
87.715926,79.543653
63.742738,74.527473
85.669940,86.231604
78.703991,80.952502
66.685663,65.612405
71.030154,67.971710
75.524576,76.182379
60.441585,60.573526
68.892413,75.925032
67.144631,69.026614
64.253482,57.551264
83.354053,65.246721
63.406267,66.367747
80.091327,86.657283
77.544388,58.540798
70.593246,72.623808
75.006316,71.323140
84.974211,82.691103
78.052751,66.024713
70.919742,78.827986
68.772110,70.311414
71.200836,75.596330
70.497697,75.951433
79.812302,87.742046
61.589600,82.247282
72.401692,75.786648
66.776227,68.363426
82.615458,76.630382
70.497574,61.900355
74.559934,80.319224
65.108734,83.779678
72.828620,84.477524
72.170611,77.146891
50.208605,61.666603
77.361104,91.135786
75.132518,79.988376
67.645716,67.075566
62.606893,57.612036
70.088937,67.361950
76.669098,67.513591
83.519946,77.915020
67.651822,82.734715
75.433040,59.810832
80.862433,86.181875
69.289995,64.309625
70.259574,82.892655
68.283167,68.708418
66.584936,64.654918
73.699497,70.033314
91.385386,113.091296
51.725436,60.537775
71.862781,78.621583
86.702732,74.347765
80.013806,77.292869
84.328324,77.697522
81.474101,64.684363
65.932247,73.651794
70.146949,73.371051
82.318693,68.582816
52.927060,54.521728
63.979215,70.654350
73.513870,75.821341
73.615249,66.475249
76.064267,84.683970
48.290422,56.675571
75.097759,74.316439
64.320079,72.104897
72.366175,73.405230
67.674954,70.627397
83.896084,76.608190
66.976290,65.838836
67.337203,66.754789
68.119610,72.884745
64.613508,60.463287
68.245374,85.163061
55.954803,57.562816
69.564372,61.317245
61.722263,60.007815
73.614721,63.852104
72.032728,74.511773
64.575490,76.624475
75.523976,70.268354
65.851766,77.461120
84.392624,96.387859
88.590736,96.231392
69.341852,61.811591
58.931108,51.014964
80.115296,76.380514
59.062694,59.513973
57.269243,62.527152
57.362585,53.709729
80.941724,75.464310
68.372373,76.276685
79.717244,80.723681
75.315463,99.846974
72.442620,75.481477
74.031670,80.342325
59.503144,53.108907
72.866925,69.118241
84.155752,59.589426
77.458936,65.620588
73.753876,64.972247
79.650865,82.024362
80.259041,80.926664
76.960539,84.103578
82.120196,72.639066
78.454657,72.210138
55.921065,48.158046
72.779961,69.348855
72.685658,83.243329
70.319114,69.841936
67.021948,69.465959
73.192425,59.165682
62.241126,68.259513
72.136291,81.380045
78.559701,76.907039
69.685418,82.419682
65.282815,66.013183
65.441868,69.835934
71.090025,61.161145
56.135484,57.568421
66.097900,73.715410
80.899263,77.560187
59.529748,62.191415
75.031248,70.899790
69.719492,72.868615
61.280299,67.270552
64.770649,61.550724
67.324884,69.035278
67.417282,77.955255
68.088593,70.214422
76.256940,64.887241
61.814838,70.312726
72.799385,82.780167
64.305064,63.371777
70.045828,59.869976
73.165625,79.499816
79.298306,80.555614
62.814266,72.763336
66.886037,77.153713
88.595237,90.212632
59.514005,44.718383
81.011380,74.582861
80.351934,74.744715
86.151296,104.275537
69.185798,71.212864
61.223698,64.667232
69.523443,60.727210
57.721789,67.533766
68.014375,62.200517
78.826614,80.869937
72.938552,71.092426
58.794463,62.006979
62.570602,50.270566
85.557326,79.544417
70.832569,69.393297
77.845090,83.215830
63.472340,65.648230
63.103246,60.882385
81.329304,95.607823
70.685353,75.307189
70.368273,71.802119
70.290362,58.545057
85.926122,88.400077
80.355817,79.652737
85.967352,103.851202
74.820024,72.604071
70.649506,76.765540
62.419042,65.325039
64.829050,66.134541
65.647701,57.747503
67.233417,78.247122
76.837551,74.369648
66.790839,60.557393
53.324371,61.035411
71.046876,83.857329
80.498473,78.621071
77.610869,81.990169
66.028020,67.752209
79.702418,88.208602
65.229672,63.801999
70.286881,73.941611
68.218741,68.094490
55.494891,65.435989
80.023576,79.021140
62.403164,69.242823
57.959816,65.707388
85.354000,57.963285
66.483032,69.120722
51.525394,47.813329
83.372507,95.570450
68.982307,60.793827
76.754132,84.506087
71.353635,76.750887
72.426231,74.085680
74.011576,70.404694
63.566826,68.862637
66.468130,76.337688
63.578781,67.443379
62.848685,70.970420
86.626844,71.497005
71.468330,75.979585
61.222758,59.765686
78.405534,79.728331
76.619358,75.654125
71.525379,77.003024
65.150675,61.700087
69.214141,80.527173
63.411498,66.387405
70.014729,79.322662
70.158172,66.798688
74.441916,74.118591
67.075961,75.239336
72.914393,74.686846
80.225525,75.897889
66.650453,68.785515
72.494251,67.973862
66.208076,73.413265
61.347103,67.461135
66.388644,59.800138
71.134569,73.060329
72.975341,78.258588
82.618001,91.272484
66.480210,76.500449
72.071878,74.706844
62.196822,59.700033
82.232355,86.739494
78.067370,80.826626
61.095093,67.460037
76.408822,79.050630
74.340311,88.512957
61.154590,58.475851
59.331573,57.827850
67.521912,59.250342
63.855312,53.923913
79.581437,80.146854
69.703904,67.255834
77.446981,72.726653
76.892687,69.746196
62.840609,51.805634
75.162052,88.625007
76.802144,76.089811
67.628653,75.140076
59.638766,53.882055
67.672511,75.579163
89.610764,86.994751
66.567345,59.260529
75.380471,77.052785
77.828219,75.213199
68.368362,47.387876
52.599768,51.493935
85.478229,94.439389
60.097921,49.601047
65.400242,73.409997
83.040206,75.142331
68.523786,55.251035
72.751414,67.835438
84.364250,78.985439
69.190016,72.408203
79.386383,90.337259
78.268512,84.823829
71.713589,67.962402
74.848882,61.802281
73.905506,69.363217
65.313549,62.299842
78.062857,67.363409
63.931110,51.089520
70.720027,59.276401
68.193398,74.141629
69.804373,60.836608
73.813353,70.236485
70.371785,82.516605
73.198637,70.380180
61.989037,65.351806
74.934420,79.668361
70.929580,47.998821
76.723736,71.549076
59.639335,69.550083
75.710887,76.683789
87.145237,78.720697
61.113726,66.915331
67.538642,63.350837
65.557735,71.579552
85.609851,81.969146
78.369564,88.911604
71.289919,77.396327
66.720382,69.814624
74.501534,83.875757
76.939438,73.053286
69.291672,76.488953
73.434170,72.587191
59.405582,74.607603
66.480863,76.862744
81.293918,83.132304
69.777265,78.526755
81.309229,89.760193
66.653697,72.614123
58.292497,50.514412
80.555281,94.922812
70.900435,81.155608
71.418474,67.465925
84.872546,69.936781
76.436919,68.362451
76.234721,76.151840
61.879382,72.900143
70.852147,70.257212
65.068683,80.146865
60.003473,71.721242
62.865106,67.813641
68.485283,66.697622
66.598296,71.993772
71.226043,64.333433
72.517389,78.370463
62.635393,53.275532
71.560816,76.818892
65.471814,68.629909
62.680686,53.235220
69.066061,65.605765
66.775168,73.370588
70.847417,54.902386
59.928666,58.440997
76.359532,82.166157
65.025962,74.452834
73.091950,73.721236
68.052880,63.161567
66.316391,81.450654
71.228402,69.053506
69.051273,76.199264
62.835906,77.491304
62.496596,49.785583
63.405397,66.529693
82.729756,98.248486
57.861659,61.726289
62.091387,65.319789
70.512320,68.685090
63.169162,51.517432
75.595765,77.242976
63.494680,59.729084
60.925786,55.098266
64.772728,43.881041
67.733875,68.573579
61.890354,59.174195
82.548726,79.985548
68.763358,66.011452
65.015475,78.390839
74.889658,74.452799
65.852210,58.626782
60.262831,54.815444
50.327158,53.031650
70.926828,64.604228
72.376993,69.202232
70.188207,64.741126
67.177147,66.002571
67.138415,66.587845
72.773754,57.358691
58.852479,68.798387
65.910374,76.815015
67.332560,66.491994
68.744578,72.459490
71.083755,67.217836
80.659935,76.123679
79.291417,71.905101
52.913987,45.867094
71.737510,75.861244
67.485906,76.279899
65.911904,63.646490
66.162284,58.209869
59.586893,62.994568
68.618416,63.291200
70.405098,80.321304
69.451704,74.064107
72.334878,74.551295
62.363999,66.612272
64.915893,66.781127
72.468345,87.872603
83.738491,87.952135
67.810132,71.002276
64.440748,74.721496
71.203564,77.139145
63.851394,69.505921
70.080732,52.576414
78.048548,87.532646
63.739773,65.535147
64.106678,65.883028
61.690186,64.261337
69.320667,68.574570
72.139392,78.981659
73.958107,80.595058
72.442828,78.571029
68.400980,59.180992
66.668139,90.965742
70.031228,66.146863
77.118615,72.484370
67.861711,56.788717
72.769737,79.214873
73.558416,81.246276
66.090906,66.838535
62.235237,66.210439
71.868640,83.809995
74.537884,78.283914
56.780079,64.271794
68.616988,61.160245
61.500254,62.691571
71.862025,77.265248
69.960267,75.278216
70.339841,62.908964
63.441297,64.915812
78.176906,75.508941
61.498014,68.276989
64.159079,59.799441
67.071215,74.781992
62.935396,69.900610
57.829742,65.112620
79.116998,75.716954
69.982143,82.288392
65.123746,58.130340
77.788644,77.714042
63.648083,72.239431
68.498707,77.740256
79.759787,70.273173
64.681735,57.258556
58.764027,60.507725
84.103796,96.997564
72.762839,75.530497
64.994514,63.582625
70.838245,66.032103
78.770270,59.721974
68.663820,66.526072
83.071597,72.256251
69.850818,69.220223
57.681001,48.295253
71.612578,80.560419
74.927792,67.627206
60.359596,68.693087
69.490595,59.165884
69.636000,79.319109
78.542129,69.235192
72.225371,58.960706
68.600981,66.178061
58.383477,47.888824
64.906312,69.484875
66.806511,64.594525
64.809154,69.763156
73.730945,88.468247
69.866885,80.403114
57.915190,47.161444
68.280066,79.403004
68.829157,45.680539
50.882883,48.066212
56.145149,49.771851
66.507256,79.616190
67.489622,63.149119
74.690673,74.309470
78.412180,83.929836
72.230077,73.729485
66.410331,58.758026
64.060430,53.170358
74.421900,91.337658
70.351192,53.485945
67.146150,73.351695
58.006418,54.598882
77.890780,74.285965
71.071688,73.464733
63.301296,63.398112
71.509117,76.028726
63.075845,58.370324
71.767985,65.718372
83.115668,78.761759
68.038951,71.791714
64.437865,67.871074
72.308741,67.924932
70.954269,82.907010
72.692404,85.083068
67.614222,62.964322
71.881354,64.054551
77.432714,86.994555
62.054424,62.115813
65.144836,63.354943
72.631025,80.563654
40.331957,43.757193
73.095091,76.621195
62.609782,61.948324
64.432948,58.235666
68.717276,67.920020
76.104897,74.368861
63.772819,64.279608
68.917678,59.843716
69.091865,77.398285
74.324725,69.099073
79.542575,73.944978
65.930817,66.452866
57.506708,60.694480
74.299498,73.778916
71.434259,70.822980
63.367518,51.400843
87.861210,62.773941
65.909256,58.967402
63.138170,65.256853
60.225027,61.962925
75.763087,86.304463
68.986425,70.275861
71.196436,46.589098
85.270196,97.216571
76.920078,84.874761
68.246339,72.270219
45.019852,44.376608
69.686641,92.236469
69.771870,81.935591
65.560741,66.193685
65.567152,62.617973
64.029485,66.720785
77.408348,69.320252
93.485535,87.506284
77.234151,63.777299
79.554508,71.279654
68.277400,73.402677
74.701892,72.320707
75.517809,81.173094
77.224264,82.784755
61.417212,66.993996
74.672255,65.272623
71.310899,61.262864
71.096719,59.208959
73.434838,73.823480
65.141847,83.716447
63.827937,56.795162
53.740669,50.168371
62.430684,81.360505
64.938960,54.675248
69.607193,62.010556
78.573283,66.782368
66.063345,59.641921
58.521311,57.760336
71.220308,73.990019
69.043280,76.561659
89.371243,84.563963
63.565534,70.372501
71.012848,73.022025
65.386382,73.498011
79.132874,76.738482
66.609522,63.962718
69.354859,88.414710
75.033088,55.786323
74.177492,61.032998
70.531336,69.382422
72.256118,55.500452
79.822088,72.765332
82.131470,89.411829
64.689834,62.159942
74.377507,68.107296
59.455869,65.977525
71.088543,66.901260
58.421659,63.292124
68.168728,63.762492
68.172823,66.720951
70.186158,71.795925
65.595049,59.990497
68.175285,64.083050
81.115247,87.178824
58.682170,55.120878
67.863355,64.184978
82.985066,75.901874
71.944698,68.431669
65.486580,80.037303
73.512833,71.553280
44.029315,47.107849
62.714854,68.258867
64.207836,58.708278
63.014860,73.350226
67.390122,61.125205
59.174085,67.186457
56.634803,59.167322
83.885392,86.735553
76.415770,70.106709
65.525266,70.996181
59.369003,54.428169
56.940244,53.436896
72.151079,78.571309
58.448581,56.637055
69.381058,71.176725
72.634563,70.624332
64.046033,59.349387
68.393504,76.814824
69.976435,79.103059
60.291379,63.679400
61.395667,64.547798
71.853618,79.457637
58.810501,54.286367
68.408328,68.692088
62.291605,65.168525
73.558427,55.318547
73.280059,72.633467
65.403243,64.962268
69.313791,66.860525
66.843655,66.461671
72.786358,65.322767
62.514706,59.038610
81.976587,68.297387
65.752305,67.557938
65.174186,68.898378
66.380280,68.631072
69.588689,70.059597
66.561433,50.498559
74.420131,65.470725
65.484666,62.593390
82.864867,73.650694
74.456812,75.587060
81.640181,71.378875
56.229207,74.036748
69.564525,72.585373
67.316572,62.385878
75.482624,62.958151
54.368030,54.897504
72.450671,84.989215
69.422720,63.413134
68.436449,76.871391
69.784516,62.467118
78.391618,70.168614
76.140444,68.265623
60.834529,71.106450
78.721413,81.645789
73.821211,76.294541
64.890896,63.245678
61.012709,66.447158
67.104619,71.032412
69.165217,64.879232
69.880031,68.160206
68.860190,72.925902
75.773745,78.225088
67.643850,58.019063
64.059251,70.441162
71.184484,70.266034
83.114854,93.384185
71.401370,75.875089
73.168838,58.780951
62.400013,69.778287
77.227447,67.024052
56.484037,52.093278
94.610512,81.616763
62.397730,55.593448
79.115379,83.239608
76.559236,87.158301
72.284326,52.667557
68.539778,67.457434
78.359371,75.790030
66.097152,61.848610
66.091165,64.316756
84.377667,87.103144
66.397378,62.556771
67.692497,69.505701
71.388852,54.350936
71.634071,81.820459
59.586324,62.053568
77.858961,75.795388
82.864879,96.910647
67.385314,76.944215
57.196535,50.530310
68.936805,69.212029
75.122074,70.950498
65.339579,65.146261
70.982776,61.167110
74.165187,74.239113
71.328746,77.989209
88.294546,95.231542
77.722817,89.360826
66.994308,63.423836
68.743778,59.797127
79.749396,66.962347
57.279158,54.179689
76.693362,73.734155
79.811502,72.552356
67.798907,69.048065
71.232470,68.677244
50.662633,61.714051
71.222458,74.825198
67.378552,61.623501
50.473361,58.838630
66.204789,74.181591
70.061563,68.634218
60.870393,63.271425
65.269835,66.080097
73.759114,66.072449
57.312148,64.838158
68.046981,66.596614
63.816149,47.606049
72.091661,69.482275
62.634628,62.164176
73.758688,88.856338
66.345673,62.168980
77.310420,87.099748
62.648755,54.892350
66.209877,55.133770
73.370353,71.425556
82.368093,82.960651
72.962770,67.271927
72.562341,90.064212
64.168867,60.076679
71.715237,77.252012
78.891775,66.548435
77.233276,77.373479
51.255017,52.056013
65.385297,71.639856
79.871587,67.228831
70.023595,79.673722
78.473058,80.814844
80.650800,89.134844
70.382126,73.997154
74.074162,76.464644
63.638259,73.264135
73.423892,69.093415
69.442428,50.252630
81.715963,87.110497
72.181813,84.686757
67.097514,75.251942
67.490353,77.105083
72.868383,92.251121
79.948594,80.606815
75.320343,81.472074
87.284580,90.791800
70.697009,74.782094
74.051567,80.070802
76.629699,81.126905
66.341024,65.811605
68.076387,69.912008
69.136387,76.926113
77.510914,77.857778
64.962537,57.718149
66.712284,56.775230
57.627269,55.866216
61.039115,66.223098
75.331152,67.142063
69.496833,81.378045
71.351154,77.843987
73.986682,72.638015
68.748348,59.115808
66.194023,59.783939
70.954762,73.428374
83.953887,85.190130
68.889617,72.089477
72.379616,77.401603
79.837442,76.109717
73.292763,67.441503
78.824573,75.817582
73.737316,74.747587
80.555920,83.865588
50.373989,53.295351
57.662978,44.566644
63.567684,62.596605
83.538863,76.094858
58.920084,45.252934
80.118443,68.485376
67.764347,69.387434
62.409616,63.515749
83.046743,84.950471
78.696877,80.943329
80.285786,94.380759
78.640099,80.327007
64.733962,75.497335
